date_local,site_number,sample_measurement,samp_dur_hrs
2025-01-01,0007,4.458333333333333,1
2025-01-01,0094,5.11875,1
2025-01-01,0093,5.152083333333333,1
2025-01-01,0016,6.4875,1
2025-01-01,0085,5.708333333333333,1
2025-01-01,0085,6.1,24
2025-01-02,0007,7.2749999999999995,1
2025-01-02,0085,9.9375,1
2025-01-02,0093,8.404166666666667,1
2025-01-02,0094,8.69375,1
2025-01-02,0016,15.033333333333333,1
2025-01-03,0094,5.552083333333333,1
2025-01-03,0016,4.55,1
2025-01-03,0085,7.795833333333333,1
2025-01-03,0007,3.9375,1
2025-01-03,0093,6.2749999999999995,1
2025-01-04,0016,6.1375,1
2025-01-04,0007,3.466666666666667,1
2025-01-04,0085,4.745833333333334,1
2025-01-04,0085,5.1,24
2025-01-04,0093,4.260416666666667,1
2025-01-04,0094,4.364583333333333,1
2025-01-05,0016,4.304166666666666,1
2025-01-05,0007,2.182608695652174,1
2025-01-05,0085,3.045833333333333,1
2025-01-05,0093,2.9319148936170216,1
2025-01-05,0094,3.5,1
2025-01-06,0016,4.945833333333334,1
2025-01-06,0085,4.0125,1
2025-01-06,0007,3.233333333333333,1
2025-01-06,0093,3.9375,1
2025-01-06,0094,4.164583333333334,1
2025-01-07,0093,7.920833333333333,1
2025-01-07,0007,5.9624999999999995,1
2025-01-07,0085,7.92093023255814,1
2025-01-07,0094,7.83125,1
2025-01-07,0016,14.383333333333333,1
2025-01-07,0085,9.6,24
2025-01-08,0007,10.458333333333334,1
2025-01-08,0085,11.155555555555555,1
2025-01-08,0093,10.71875,1
2025-01-08,0094,10.716279069767442,1
2025-01-08,0016,14.929166666666667,1
2025-01-09,0085,15.838461538461539,1
2025-01-09,0094,17.508695652173913,1
2025-01-09,0093,16.4375,1
2025-01-09,0007,11.904166666666667,1
2025-01-09,0016,20.508695652173913,1
2025-01-10,0016,13.0875,1
2025-01-10,0085,15.5,24
2025-01-10,0094,16.03125,1
2025-01-10,0093,15.709302325581396,1
2025-01-10,0085,15.081249999999999,1
2025-01-10,0007,12.0875,1
2025-01-11,0093,7.544827586206897,1
2025-01-11,0085,8.504166666666666,1
2025-01-11,0007,7.0375000000000005,1
2025-01-11,0016,8.8875,1
2025-01-11,0094,9.310416666666667,1
2025-01-12,0016,4.866666666666666,1
2025-01-12,0085,6.3187500000000005,1
2025-01-12,0007,6.208333333333333,1
2025-01-12,0093,6.458333333333333,1
2025-01-12,0094,7.75,1
2025-01-13,0007,4.366666666666666,1
2025-01-13,0085,4.741666666666666,1
2025-01-13,0085,5.2,24
2025-01-13,0093,3.404166666666667,1
2025-01-13,0016,11.225,1
2025-01-13,0094,5.325,1
2025-01-14,0007,5.0095238095238095,1
2025-01-14,0085,6.64375,1
2025-01-14,0093,7.3125,1
2025-01-14,0016,9.85,1
2025-01-14,0094,6.445833333333333,1
2025-01-15,0016,26.349999999999998,1
2025-01-15,0094,11.360416666666666,1
2025-01-15,0093,10.657575757575756,1
2025-01-15,0085,9.908333333333333,1
2025-01-15,0007,7.058333333333334,1
2025-01-16,0016,18.045833333333334,1
2025-01-16,0007,6.941666666666666,1
2025-01-16,0085,7.1780487804878055,1
2025-01-16,0085,7.5,24
2025-01-16,0093,8.985416666666667,1
2025-01-16,0094,8.335416666666667,1
2025-01-17,0016,17.658333333333335,1
2025-01-17,0007,5.7124999999999995,1
2025-01-17,0085,7.452083333333333,1
2025-01-17,0093,11.183333333333332,1
2025-01-17,0094,8.762500000000001,1
2025-01-18,0007,3.1208333333333336,1
2025-01-18,0016,2.529166666666667,1
2025-01-18,0094,3.420833333333333,1
2025-01-18,0093,3.279166666666667,1
2025-01-18,0085,3.516666666666667,1
2025-01-19,0016,2.216666666666667,1
2025-01-19,0094,2.65625,1
2025-01-19,0007,1.2916666666666667,1
2025-01-19,0085,2.3000000000000003,1
2025-01-19,0085,2.6,24
2025-01-19,0093,2.6979166666666665,1
2025-01-20,0094,4.691666666666666,1
2025-01-20,0093,4.335416666666666,1
2025-01-20,0085,3.983333333333333,1
2025-01-20,0007,3.095833333333333,1
2025-01-20,0016,10.8125,1
2025-01-21,0094,5.328571428571429,1
2025-01-21,0093,4.785416666666666,1
2025-01-21,0085,4.360416666666667,1
2025-01-21,0007,2.7083333333333335,1
2025-01-21,0016,9.291666666666666,1
2025-01-22,0016,11.547826086956523,1
2025-01-22,0093,9.75531914893617,1
2025-01-22,0007,2.7875,1
2025-01-22,0085,5.215909090909091,1
2025-01-22,0085,5.7,24
2025-01-22,0094,7.66875,1
2025-01-23,0085,6.98125,1
2025-01-23,0007,5.258333333333334,1
2025-01-23,0093,8.106818181818182,1
2025-01-23,0094,7.733333333333333,1
2025-01-23,0016,8.770833333333334,1
2025-01-24,0007,4.983333333333333,1
2025-01-24,0085,6.504166666666666,1
2025-01-24,0093,8.262500000000001,1
2025-01-24,0094,7.5874999999999995,1
2025-01-24,0016,13.408333333333333,1
2025-01-25,0016,14.237499999999999,1
2025-01-25,0094,10.018749999999999,1
2025-01-25,0085,9.475,1
2025-01-25,0085,10.8,24
2025-01-25,0007,9.766666666666666,1
2025-01-25,0093,15.670833333333334,1
2025-01-26,0007,6.220833333333334,1
2025-01-26,0085,5.454166666666667,1
2025-01-26,0093,6.241666666666667,1
2025-01-26,0094,5.389583333333333,1
2025-01-26,0016,9.258333333333333,1
2025-01-27,0016,13.066666666666668,1
2025-01-27,0007,4.3875,1
2025-01-27,0085,5.452083333333333,1
2025-01-27,0093,5.672916666666667,1
2025-01-27,0094,5.585416666666667,1
2025-01-28,0094,4.864285714285715,1
2025-01-28,0007,2.670833333333333,1
2025-01-28,0016,12.833333333333334,1
2025-01-28,0085,4.2250000000000005,1
2025-01-28,0085,4.5,24
2025-01-28,0093,5.0625,1
2025-01-29,0085,5.39375,1
2025-01-29,0007,4.633333333333333,1
2025-01-29,0094,4.397916666666666,1
2025-01-29,0093,7.522916666666667,1
2025-01-29,0016,21.879166666666666,1
2025-01-30,0016,17.366666666666667,1
2025-01-30,0094,10.016666666666667,1
2025-01-30,0093,10.46595744680851,1
2025-01-30,0085,9.735416666666667,1
2025-01-30,0007,8.09047619047619,1
2025-01-31,0094,3.783333333333333,1
2025-01-31,0093,4.777083333333334,1
2025-01-31,0085,3.6,24
2025-01-31,0085,3.5729166666666665,1
2025-01-31,0016,10.241666666666667,1
2025-01-31,0007,3.220833333333333,1
2025-02-01,0016,10.004166666666666,1
2025-02-01,0007,7.633333333333333,1
2025-02-01,0085,9.291666666666666,1
2025-02-01,0093,10.085416666666667,1
2025-02-01,0094,8.622916666666667,1
2025-02-02,0007,5.595833333333334,1
2025-02-02,0085,7.054166666666667,1
2025-02-02,0016,10.704166666666666,1
2025-02-02,0093,8.797916666666667,1
2025-02-02,0094,6.316666666666666,1
2025-02-03,0016,13.733333333333333,1
2025-02-03,0085,11.2,24
2025-02-03,0094,9.904166666666667,1
2025-02-03,0007,8.745833333333334,1
2025-02-03,0085,10.889583333333334,1
2025-02-03,0093,14.854166666666666,1
2025-02-04,0094,4.802083333333333,1
2025-02-04,0093,6.8,1
2025-02-04,0085,5.957777777777778,1
2025-02-04,0007,4.4375,1
2025-02-04,0016,3.5208333333333335,1
2025-02-05,0094,6.604545454545455,1
2025-02-05,0093,8.454166666666667,1
2025-02-05,0007,5.375,1
2025-02-05,0085,7.289583333333333,1
2025-02-05,0016,10.570833333333333,1
2025-02-06,0016,7.6,1
2025-02-06,0094,5.420833333333333,1
2025-02-06,0085,7.2,24
2025-02-06,0085,6.7124999999999995,1
2025-02-06,0007,4.545833333333333,1
2025-02-06,0093,8.458333333333334,1
2025-02-07,0093,10.204166666666666,1
2025-02-07,0016,11.5625,1
2025-02-07,0007,5.208333333333333,1
2025-02-07,0085,6.676595744680851,1
2025-02-07,0094,4.6937500000000005,1
2025-02-08,0094,7.21875,1
2025-02-08,0093,8.612499999999999,1
2025-02-08,0016,7.266666666666667,1
2025-02-08,0085,7.060416666666666,1
2025-02-08,0007,7.266666666666667,1
2025-02-09,0007,6.966666666666668,1
2025-02-09,0093,9.720833333333333,1
2025-02-09,0016,5.820833333333333,1
2025-02-09,0094,6.8187500000000005,1
2025-02-09,0085,7.98125,1
2025-02-09,0085,8.6,24
2025-02-10,0094,4.8625,1
2025-02-10,0007,5.2,1
2025-02-10,0016,12.966666666666667,1
2025-02-10,0085,6.047916666666667,1
2025-02-10,0093,7.758333333333333,1
2025-02-11,0016,7.958333333333333,1
2025-02-11,0007,7.0,1
2025-02-11,0085,8.689583333333333,1
2025-02-11,0093,8.891666666666667,1
2025-02-11,0094,7.0062500000000005,1
2025-02-12,0016,7.254166666666666,1
2025-02-12,0007,13.829166666666666,1
2025-02-12,0085,15.445833333333333,1
2025-02-12,0085,17.1,24
2025-02-12,0093,19.916666666666668,1
2025-02-12,0094,15.481250000000001,1
2025-02-13,0007,6.270833333333333,1
2025-02-13,0016,9.404166666666667,1
2025-02-13,0085,7.7250000000000005,1
2025-02-13,0093,9.15,1
2025-02-13,0094,6.902083333333334,1
2025-02-14,0094,6.804166666666667,1
2025-02-14,0093,11.566666666666668,1
2025-02-14,0016,18.791666666666668,1
2025-02-14,0007,4.708333333333333,1
2025-02-14,0085,6.866666666666667,1
2025-02-15,0093,9.920833333333333,1
2025-02-15,0007,5.966666666666666,1
2025-02-15,0085,9.3,24
2025-02-15,0085,7.8500000000000005,1
2025-02-15,0094,8.670833333333333,1
2025-02-15,0016,11.133333333333333,1
2025-02-16,0085,8.404166666666667,1
2025-02-16,0016,4.175,1
2025-02-16,0007,6.754166666666666,1
2025-02-16,0094,8.329166666666667,1
2025-02-16,0093,10.495833333333334,1
2025-02-17,0085,3.3479166666666664,1
2025-02-17,0093,5.175,1
2025-02-17,0094,3.202083333333333,1
2025-02-17,0007,3.1791666666666667,1
2025-02-17,0016,3.7375000000000003,1
2025-02-18,0094,4.360416666666667,1
2025-02-18,0007,4.216666666666667,1
2025-02-18,0085,5.03125,1
2025-02-18,0085,7.0,24
2025-02-18,0093,5.7375,1
2025-02-18,0016,3.9583333333333335,1
2025-02-19,0016,4.9363636363636365,1
2025-02-19,0085,4.560416666666667,1
2025-02-19,0094,4.456818181818182,1
2025-02-19,0093,5.334482758620689,1
2025-02-19,0007,5.208333333333333,1
2025-02-20,0085,5.406976744186046,1
2025-02-20,0093,6.027083333333334,1
2025-02-20,0016,8.570833333333333,1
2025-02-20,0007,5.483333333333333,1
2025-02-20,0094,4.583333333333333,1
2025-02-21,0007,11.416666666666666,1
2025-02-21,0094,11.168750000000001,1
2025-02-21,0093,11.560416666666667,1
2025-02-21,0085,14.3,24
2025-02-21,0085,10.204166666666667,1
2025-02-21,0016,21.075,1
2025-02-22,0016,16.125,1
2025-02-22,0007,8.883333333333333,1
2025-02-22,0085,10.291666666666666,1
2025-02-22,0093,11.833333333333334,1
2025-02-22,0094,12.05625,1
2025-02-23,0007,6.583333333333333,1
2025-02-23,0094,10.402083333333334,1
2025-02-23,0016,11.858333333333334,1
2025-02-23,0085,8.143749999999999,1
2025-02-23,0093,10.441666666666666,1
2025-02-24,0007,8.012500000000001,1
2025-02-24,0085,8.483333333333333,1
2025-02-24,0085,9.1,24
2025-02-24,0093,11.03125,1
2025-02-24,0094,9.029166666666667,1
2025-02-24,0016,20.412499999999998,1
2025-02-25,0007,7.791666666666667,1
2025-02-25,0085,6.114583333333333,1
2025-02-25,0093,7.820833333333333,1
2025-02-25,0094,6.035416666666666,1
2025-02-25,0016,16.037499999999998,1
2025-02-26,0016,12.299999999999999,1
2025-02-26,0085,5.972916666666666,1
2025-02-26,0093,7.989583333333333,1
2025-02-26,0007,4.680952380952381,1
2025-02-26,0094,5.920833333333333,1
2025-02-27,0085,5.1187499999999995,1
2025-02-27,0085,5.0,24
2025-02-27,0093,5.227083333333334,1
2025-02-27,0094,4.8812500000000005,1
2025-02-27,0016,11.345833333333333,1
2025-02-27,0007,3.4125,1
2025-02-28,0007,2.2875,1
2025-02-28,0085,3.079166666666667,1
2025-02-28,0093,5.058333333333334,1
2025-02-28,0094,3.7416666666666667,1
2025-02-28,0016,9.066666666666666,1
2025-03-01,0016,2.6958333333333333,1
2025-03-01,0094,3.1458333333333335,1
2025-03-01,0093,5.785416666666666,1
2025-03-01,0007,3.908333333333333,1
2025-03-01,0085,3.4375,1
2025-03-02,0007,5.8625,1
2025-03-02,0085,6.2124999999999995,1
2025-03-02,0085,7.0,24
2025-03-02,0093,6.4875,1
2025-03-02,0016,12.025,1
2025-03-02,0094,6.4750000000000005,1
2025-03-03,0016,11.220833333333333,1
2025-03-03,0094,7.647916666666667,1
2025-03-03,0093,10.197916666666666,1
2025-03-03,0085,7.835416666666667,1
2025-03-03,0007,6.3125,1
2025-03-04,0093,13.299999999999999,1
2025-03-04,0016,8.237499999999999,1
2025-03-04,0085,11.520833333333334,1
2025-03-04,0007,8.375,1
2025-03-04,0094,12.570833333333333,1
2025-03-05,0016,4.75,1
2025-03-05,0094,2.6704545454545454,1
2025-03-05,0093,3.031111111111111,1
2025-03-05,0085,3.5,24
2025-03-05,0085,3.1568181818181817,1
2025-03-05,0007,1.0708333333333333,1
2025-03-06,0007,2.45,1
2025-03-06,0016,12.920833333333334,1
2025-03-06,0085,3.5416666666666665,1
2025-03-06,0093,4.420833333333333,1
2025-03-06,0094,3.247916666666667,1
2025-03-07,0016,11.304166666666667,1
2025-03-07,0007,1.9916666666666665,1
2025-03-07,0085,4.508333333333334,1
2025-03-07,0093,6.3687499999999995,1
2025-03-07,0094,4.71875,1
2025-03-08,0094,7.5687500000000005,1
2025-03-08,0093,9.370833333333334,1
2025-03-08,0085,7.1,24
2025-03-08,0085,6.822916666666667,1
2025-03-08,0007,8.379166666666666,1
2025-03-08,0016,7.333333333333333,1
2025-03-09,0007,11.4375,1
2025-03-09,0085,12.24375,1
2025-03-09,0093,13.875,1
2025-03-09,0094,13.375,1
2025-03-09,0016,12.845833333333333,1
2025-03-10,0016,14.950000000000001,1
2025-03-10,0007,8.033333333333333,1
2025-03-10,0093,13.55625,1
2025-03-10,0085,9.397916666666667,1
2025-03-10,0094,9.6875,1
2025-03-11,0007,9.729166666666666,1
2025-03-11,0085,15.502083333333333,1
2025-03-11,0085,15.8,24
2025-03-11,0093,22.43958333333333,1
2025-03-11,0094,11.346666666666668,1
2025-03-11,0016,13.879166666666668,1
2025-03-12,0085,14.264583333333334,1
2025-03-12,0007,13.247619047619047,1
2025-03-12,0094,13.858333333333334,1
2025-03-12,0016,16.1375,1
2025-03-12,0093,19.627083333333335,1
2025-03-13,0016,17.266666666666666,1
2025-03-13,0007,20.537499999999998,1
2025-03-13,0085,22.614583333333332,1
2025-03-13,0093,24.53333333333333,1
2025-03-13,0094,19.047916666666666,1
2025-03-14,0094,12.435416666666667,1
2025-03-14,0085,13.6,24
2025-03-14,0085,12.885416666666666,1
2025-03-14,0016,7.295833333333333,1
2025-03-14,0007,10.520833333333334,1
2025-03-14,0093,52.77291666666667,1
2025-03-15,0016,5.75,1
2025-03-15,0007,65.21666666666667,1
2025-03-15,0085,61.94583333333333,1
2025-03-15,0093,68.08125,1
2025-03-15,0094,61.302083333333336,1
2025-03-16,0016,6.5125,1
2025-03-16,0007,2.033333333333333,1
2025-03-16,0085,2.4,1
2025-03-16,0093,4.2250000000000005,1
2025-03-16,0094,2.0458333333333334,1
2025-03-17,0007,5.233333333333333,1
2025-03-17,0085,4.6,24
2025-03-17,0093,6.7375,1
2025-03-17,0094,4.679166666666666,1
2025-03-17,0016,27.9625,1
2025-03-17,0085,4.4937499999999995,1
2025-03-18,0016,,1
2025-03-18,0007,5.216666666666667,1
2025-03-18,0093,12.920833333333334,1
2025-03-18,0085,5.98,1
2025-03-18,0094,6.439583333333334,1
2025-03-19,0007,3.8708333333333336,1
2025-03-19,0085,5.791666666666667,1
2025-03-19,0093,10.648837209302325,1
2025-03-19,0016,4.5285714285714285,1
2025-03-19,0094,5.2681818181818185,1
2025-03-20,0007,1.8791666666666667,1
2025-03-20,0085,2.9729166666666664,1
2025-03-20,0085,2.8,24
2025-03-20,0093,4.033333333333333,1
2025-03-20,0094,2.627272727272727,1
2025-03-20,0016,5.054166666666666,1
2025-03-21,0094,7.535416666666666,1
2025-03-21,0007,6.591666666666666,1
2025-03-21,0016,10.754166666666668,1
2025-03-21,0085,7.2625,1
2025-03-21,0093,11.30625,1
2025-03-22,0016,5.483333333333333,1
2025-03-22,0007,3.295833333333333,1
2025-03-22,0085,4.010416666666667,1
2025-03-22,0093,5.0062500000000005,1
2025-03-22,0094,3.96875,1
2025-03-23,0016,6.566666666666666,1
2025-03-23,0007,3.6875,1
2025-03-23,0085,3.5500000000000003,1
2025-03-23,0085,4.0,24
2025-03-23,0093,4.635416666666667,1
2025-03-23,0094,3.877083333333333,1
2025-03-24,0093,3.625,1
2025-03-24,0085,3.1479166666666667,1
2025-03-24,0094,2.55625,1
2025-03-24,0016,8.729166666666666,1
2025-03-24,0007,1.9791666666666667,1
2025-03-25,0007,4.3125,1
2025-03-25,0085,5.716666666666666,1
2025-03-25,0093,9.447916666666666,1
2025-03-25,0094,4.095833333333333,1
2025-03-25,0016,11.174999999999999,1
2025-03-26,0016,13.1875,1
2025-03-26,0093,10.28125,1
2025-03-26,0007,7.631818181818182,1
2025-03-26,0094,7.041666666666667,1
2025-03-26,0085,8.7,24
2025-03-26,0085,8.720833333333333,1
2025-03-27,0093,14.375,1
2025-03-27,0016,16.8125,1
2025-03-27,0007,10.329166666666667,1
2025-03-27,0085,12.160416666666668,1
2025-03-27,0094,10.272916666666667,1
2025-03-28,0016,8.487499999999999,1
2025-03-28,0007,6.704166666666667,1
2025-03-28,0085,6.1312500000000005,1
2025-03-28,0093,7.75,1
2025-03-28,0094,6.2625,1
2025-03-29,0093,10.654166666666667,1
2025-03-29,0016,6.641666666666667,1
2025-03-29,0007,6.633333333333333,1
2025-03-29,0085,8.683333333333334,1
2025-03-29,0094,7.95,1
2025-03-29,0085,9.2,24
2025-03-30,0007,2.9333333333333336,1
2025-03-30,0093,4.958333333333333,1
2025-03-30,0016,3.2708333333333335,1
2025-03-30,0094,4.317777777777778,1
2025-03-30,0085,3.9895833333333335,1
2025-03-31,0016,5.804166666666667,1
2025-03-31,0007,3.4499999999999997,1
2025-03-31,0085,2.5155555555555558,1
2025-03-31,0093,3.6875,1
2025-03-31,0094,2.2395833333333335,1
2025-04-01,0094,5.8125,1
2025-04-01,0093,9.788636363636364,1
2025-04-01,0007,4.291666666666667,1
2025-04-01,0085,6.3187500000000005,1
2025-04-01,0016,16.358333333333334,1
2025-04-01,0085,6.5,24
2025-04-02,0007,7.7749999999999995,1
2025-04-02,0093,9.379166666666666,1
2025-04-02,0094,7.073170731707317,1
2025-04-02,0085,6.958333333333333,1
2025-04-02,0016,6.690476190476191,1
2025-04-03,0016,13.904166666666667,1
2025-04-03,0094,2.802127659574468,1
2025-04-03,0093,5.891489361702127,1
2025-04-03,0085,7.110869565217392,1
2025-04-03,0007,4.5,1
2025-04-04,0016,6.0249999999999995,1
2025-04-04,0094,4.322727272727272,1
2025-04-04,0093,5.452083333333333,1
2025-04-04,0085,5.1,24
2025-04-04,0085,4.864583333333333,1
2025-04-04,0007,3.8909090909090907,1
2025-04-05,0085,5.527083333333334,1
2025-04-05,0007,5.7124999999999995,1
2025-04-05,0094,4.860416666666667,1
2025-04-05,0016,2.625,1
2025-04-05,0093,6.925,1
2025-04-06,0085,4.655555555555556,1
2025-04-06,0093,4.820833333333334,1
2025-04-06,0094,3.7708333333333335,1
2025-04-06,0016,4.3625,1
2025-04-06,0007,4.9125000000000005,1
2025-04-07,0085,8.116666666666667,1
2025-04-07,0085,7.9,24
2025-04-07,0093,8.981250000000001,1
2025-04-07,0094,4.672916666666667,1
2025-04-07,0007,6.170833333333333,1
2025-04-07,0016,8.258333333333333,1
2025-04-08,0016,11.733333333333334,1
2025-04-08,0007,4.2749999999999995,1
2025-04-08,0085,5.0125,1
2025-04-08,0093,5.6000000000000005,1
2025-04-08,0094,4.366666666666666,1
2025-04-09,0093,10.06875,1
2025-04-09,0016,15.266666666666666,1
2025-04-09,0007,3.8904761904761904,1
2025-04-09,0085,6.260416666666667,1
2025-04-09,0094,5.735416666666667,1
2025-04-10,0094,7.139583333333333,1
2025-04-10,0093,10.327083333333333,1
2025-04-10,0085,8.1,24
2025-04-10,0085,8.13125,1
2025-04-10,0007,8.137500000000001,1
2025-04-10,0016,16.929166666666667,1
2025-04-11,0016,7.295833333333333,1
2025-04-11,0007,9.825000000000001,1
2025-04-11,0085,10.35,1
2025-04-11,0093,12.470833333333333,1
2025-04-11,0094,10.43125,1
2025-04-12,0016,12.1,1
2025-04-12,0007,11.104166666666666,1
2025-04-12,0085,12.799999999999999,1
2025-04-12,0093,18.552083333333332,1
2025-04-12,0094,11.552083333333334,1
2025-04-13,0085,8.4125,1
2025-04-13,0085,9.0,24
2025-04-13,0016,7.483333333333333,1
2025-04-13,0093,12.222916666666668,1
2025-04-13,0007,8.091666666666667,1
2025-04-13,0094,8.139583333333333,1
2025-04-14,0085,6.068888888888889,1
2025-04-14,0094,5.527083333333334,1
2025-04-14,0093,7.045833333333333,1
2025-04-14,0007,6.020833333333333,1
2025-04-14,0016,6.5625,1
2025-04-15,0016,7.733333333333333,1
2025-04-15,0007,3.2624999999999997,1
2025-04-15,0085,5.10625,1
2025-04-15,0093,4.3812500000000005,1
2025-04-15,0094,3.077777777777778,1
2025-04-16,0007,5.6875,1
2025-04-16,0085,7.241666666666667,1
2025-04-16,0085,7.4,24
2025-04-16,0093,10.2625,1
2025-04-16,0094,6.085416666666667,1
2025-04-16,0016,15.966666666666669,1
2025-04-17,0085,10.581818181818182,1
2025-04-17,0007,9.545833333333333,1
2025-04-17,0093,12.56060606060606,1
2025-04-17,0094,10.46875,1
2025-04-17,0016,,1
2025-04-18,0016,,1
2025-04-18,0094,11.106250000000001,1
2025-04-18,0085,11.983333333333334,1
2025-04-18,0007,10.049999999999999,1
2025-04-18,0093,14.214583333333332,1
2025-04-19,0085,10.677083333333334,1
2025-04-19,0093,12.060416666666667,1
2025-04-19,0094,9.266666666666667,1
2025-04-19,0016,,1
2025-04-19,0007,9.266666666666667,1
2025-04-19,0085,10.9,24
2025-04-20,0007,7.795833333333333,1
2025-04-20,0093,10.172916666666667,1
2025-04-20,0094,9.50625,1
2025-04-20,0016,,1
2025-04-20,0085,9.9125,1
2025-04-21,0093,4.385416666666667,1
2025-04-21,0007,4.091666666666667,1
2025-04-21,0085,6.7562500000000005,1
2025-04-21,0016,,1
2025-04-21,0094,4.066666666666666,1
2025-04-22,0007,5.929166666666667,1
2025-04-22,0085,14.554166666666667,1
2025-04-22,0085,13.8,24
2025-04-22,0093,8.393749999999999,1
2025-04-22,0094,6.797916666666667,1
2025-04-22,0016,,1
2025-04-23,0016,,1
2025-04-23,0085,10.625,1
2025-04-23,0093,11.215555555555556,1
2025-04-23,0094,7.1625000000000005,1
2025-04-23,0007,12.266666666666667,1
2025-04-24,0007,9.470833333333333,1
2025-04-24,0094,8.441666666666666,1
2025-04-24,0085,17.697916666666668,1
2025-04-24,0016,,1
2025-04-24,0093,13.770833333333334,1
2025-04-25,0016,,1
2025-04-25,0007,6.8125,1
2025-04-25,0085,7.0062500000000005,1
2025-04-25,0085,7.4,24
2025-04-25,0093,9.154166666666667,1
2025-04-25,0094,6.877083333333334,1
2025-04-26,0093,4.904166666666667,1
2025-04-26,0085,4.96875,1
2025-04-26,0007,4.470833333333333,1
2025-04-26,0094,4.1499999999999995,1
2025-04-26,0016,,1
2025-04-27,0016,,1
2025-04-27,0007,3.829166666666667,1
2025-04-27,0085,5.325,1
2025-04-27,0093,5.291666666666667,1
2025-04-27,0094,4.7250000000000005,1
2025-04-28,0016,,1
2025-04-28,0094,7.820833333333333,1
2025-04-28,0093,10.402083333333334,1
2025-04-28,0085,7.98125,1
2025-04-28,0007,7.341666666666666,1
2025-04-28,0085,8.2,24
2025-04-29,0016,,1
2025-04-29,0085,6.502272727272728,1
2025-04-29,0094,4.889583333333333,1
2025-04-29,0093,8.46808510638298,1
2025-04-29,0007,5.229166666666667,1
2025-04-30,0007,6.0874999999999995,1
2025-04-30,0093,12.526666666666667,1
2025-04-30,0016,,1
2025-04-30,0085,8.189583333333333,1
2025-04-30,0094,5.745238095238095,1
2025-05-01,0085,5.2,24
2025-05-01,0093,5.070833333333334,1
2025-05-01,0094,3.7229166666666664,1
2025-05-01,0007,4.020833333333333,1
2025-05-01,0016,10.59,1
2025-05-01,0085,4.366666666666666,1
2025-05-02,0007,3.0625,1
2025-05-02,0085,4.404166666666667,1
2025-05-02,0094,4.34375,1
2025-05-02,0016,9.3125,1
2025-05-02,0093,5.6812499999999995,1
2025-05-03,0007,4.2250000000000005,1
2025-05-03,0085,6.135416666666667,1
2025-05-03,0093,6.816666666666666,1
2025-05-03,0094,5.572916666666667,1
2025-05-03,0016,3.0583333333333336,1
2025-05-04,0016,2.441666666666667,1
2025-05-04,0007,2.095833333333333,1
2025-05-04,0085,2.9145833333333333,1
2025-05-04,0085,3.0,24
2025-05-04,0093,3.2895833333333333,1
2025-05-04,0094,2.3375,1
2025-05-05,0094,4.208333333333333,1
2025-05-05,0093,5.783333333333334,1
2025-05-05,0016,7.575,1
2025-05-05,0007,4.229166666666667,1
2025-05-05,0085,5.1312500000000005,1
2025-05-06,0007,7.309523809523809,1
2025-05-06,0016,14.620833333333332,1
2025-05-06,0093,12.870833333333332,1
2025-05-06,0094,6.26875,1
2025-05-06,0085,7.954166666666667,1
2025-05-07,0007,6.254166666666666,1
2025-05-07,0085,7.0375000000000005,1
2025-05-07,0085,7.7,24
2025-05-07,0093,8.88125,1
2025-05-07,0094,5.372916666666666,1
2025-05-07,0016,14.670833333333334,1
2025-05-08,0016,5.370833333333334,1
2025-05-08,0093,9.158333333333333,1
2025-05-08,0085,6.958333333333333,1
2025-05-08,0007,6.995833333333334,1
2025-05-08,0094,7.170833333333333,1
2025-05-09,0085,6.497916666666666,1
2025-05-09,0007,8.941666666666666,1
2025-05-09,0016,6.0874999999999995,1
2025-05-09,0093,6.839583333333334,1
2025-05-09,0094,4.664583333333334,1
2025-05-10,0016,13.616666666666667,1
2025-05-10,0007,13.424999999999999,1
2025-05-10,0094,7.964583333333334,1
2025-05-10,0093,12.049999999999999,1
2025-05-10,0085,11.7,24
2025-05-10,0085,12.458333333333334,1
2025-05-11,0016,5.041666666666667,1
2025-05-11,0093,7.664583333333333,1
2025-05-11,0094,7.0562499999999995,1
2025-05-11,0085,7.354166666666667,1
2025-05-11,0007,8.383333333333333,1
2025-05-12,0016,9.066666666666666,1
2025-05-12,0007,8.345833333333333,1
2025-05-12,0085,9.331249999999999,1
2025-05-12,0093,7.541666666666667,1
2025-05-12,0094,6.9624999999999995,1
2025-05-13,0007,5.1625,1
2025-05-13,0085,6.883333333333333,1
2025-05-13,0085,6.5,24
2025-05-13,0093,8.347916666666666,1
2025-05-13,0094,7.21875,1
2025-05-13,0016,13.291666666666666,1
2025-05-14,0016,10.845454545454546,1
2025-05-14,0007,9.079166666666667,1
2025-05-14,0085,8.579545454545455,1
2025-05-14,0093,12.05,1
2025-05-14,0094,8.700000000000001,1
2025-05-15,0007,14.279166666666667,1
2025-05-15,0085,12.927083333333334,1
2025-05-15,0093,17.46875,1
2025-05-15,0094,12.356250000000001,1
2025-05-15,0016,8.283333333333333,1
2025-05-16,0007,9.692307692307692,1
2025-05-16,0085,8.171428571428573,1
2025-05-16,0093,11.752083333333333,1
2025-05-16,0094,6.942222222222222,1
2025-05-16,0016,11.945833333333333,1
2025-05-16,0085,,24
2025-05-17,0007,,1
2025-05-17,0094,3.827083333333333,1
2025-05-17,0093,5.089583333333334,1
2025-05-17,0085,,1
2025-05-17,0016,6.695833333333333,1
2025-05-18,0016,6.508333333333333,1
2025-05-18,0094,4.316666666666667,1
2025-05-18,0085,6.533333333333334,1
2025-05-18,0007,,1
2025-05-18,0093,6.435416666666666,1
2025-05-19,0094,5.7562500000000005,1
2025-05-19,0093,10.891666666666666,1
2025-05-19,0016,9.370833333333334,1
2025-05-19,0085,6.8374999999999995,1
2025-05-19,0007,,1
2025-05-19,0085,8.0,24
2025-05-20,0007,,1
2025-05-20,0085,4.470833333333333,1
2025-05-20,0093,5.45625,1
2025-05-20,0094,4.214583333333334,1
2025-05-20,0016,8.025,1
2025-05-21,0094,1.7249999999999999,1
2025-05-21,0016,5.4125000000000005,1
2025-05-21,0007,,1
2025-05-21,0085,2.6666666666666665,1
2025-05-21,0093,2.9790697674418603,1
2025-05-22,0007,2.111111111111111,1
2025-05-22,0094,1.7562499999999999,1
2025-05-22,0093,4.595833333333333,1
2025-05-22,0085,2.4,24
2025-05-22,0085,1.9958333333333333,1
2025-05-22,0016,4.2,1
2025-05-23,0007,3.9125,1
2025-05-23,0085,4.691666666666666,1
2025-05-23,0093,6.470833333333334,1
2025-05-23,0094,4.010416666666667,1
2025-05-23,0016,9.904166666666667,1
2025-05-24,0085,8.077083333333333,1
2025-05-24,0093,10.416666666666666,1
2025-05-24,0094,6.929166666666667,1
2025-05-24,0016,10.516666666666667,1
2025-05-24,0007,8.1625,1
2025-05-25,0016,5.891666666666667,1
2025-05-25,0085,8.0,24
2025-05-25,0007,7.158333333333334,1
2025-05-25,0085,7.441666666666666,1
2025-05-25,0093,8.424999999999999,1
2025-05-25,0094,6.6312500000000005,1
2025-05-26,0094,3.5208333333333335,1
2025-05-26,0016,3.2125,1
2025-05-26,0007,4.404166666666667,1
2025-05-26,0093,4.3687499999999995,1
2025-05-26,0085,3.7291666666666665,1
2025-05-27,0094,5.45,1
2025-05-27,0093,7.745833333333334,1
2025-05-27,0085,6.607142857142857,1
2025-05-27,0007,7.2,1
2025-05-27,0016,4.425,1
2025-05-28,0094,4.556818181818182,1
2025-05-28,0085,7.1,24
2025-05-28,0085,5.702083333333333,1
2025-05-28,0007,5.366666666666667,1
2025-05-28,0016,8.321739130434782,1
2025-05-28,0093,7.574418604651163,1
2025-05-29,0016,11.729166666666666,1
2025-05-29,0093,16.46875,1
2025-05-29,0007,11.454166666666667,1
2025-05-29,0085,12.341666666666667,1
2025-05-29,0094,8.804166666666665,1
2025-05-30,0085,6.858333333333333,1
2025-05-30,0007,6.1625000000000005,1
2025-05-30,0093,8.235416666666667,1
2025-05-30,0094,5.883333333333333,1
2025-05-30,0016,9.220833333333333,1
2025-05-31,0007,8.1,1
2025-05-31,0085,9.720833333333333,1
2025-05-31,0085,9.7,24
2025-05-31,0016,9.308333333333334,1
2025-05-31,0093,10.527083333333334,1
2025-05-31,0094,7.641666666666667,1
2025-06-01,0016,8.095833333333333,1
2025-06-01,0007,10.158333333333333,1
2025-06-01,0085,7.979166666666667,1
2025-06-01,0093,9.704166666666667,1
2025-06-01,0094,8.314583333333333,1
2025-06-02,0007,10.325000000000001,1
2025-06-02,0085,10.06875,1
2025-06-02,0093,14.86875,1
2025-06-02,0094,9.445833333333333,1
2025-06-02,0016,14.825000000000001,1
2025-06-03,0093,22.833333333333332,1
2025-06-03,0007,13.320833333333333,1
2025-06-03,0016,7.5625,1
2025-06-03,0094,13.331249999999999,1
2025-06-03,0085,13.5,24
2025-06-03,0085,13.30625,1
2025-06-04,0007,8.142857142857142,1
2025-06-04,0094,8.045833333333333,1
2025-06-04,0093,10.777083333333332,1
2025-06-04,0085,8.174999999999999,1
2025-06-04,0016,12.362499999999999,1
2025-06-05,0016,4.641666666666667,1
2025-06-05,0094,7.8812500000000005,1
2025-06-05,0085,7.366666666666667,1
2025-06-05,0007,9.479166666666666,1
2025-06-05,0093,9.335416666666667,1
2025-06-06,0016,11.5375,1
2025-06-06,0093,18.25,1
2025-06-06,0007,13.616666666666667,1
2025-06-06,0085,14.333333333333334,1
2025-06-06,0085,14.6,24
2025-06-06,0094,13.081249999999999,1
2025-06-07,0016,7.845833333333334,1
2025-06-07,0007,21.070833333333333,1
2025-06-07,0085,26.90222222222222,1
2025-06-07,0093,29.78125,1
2025-06-07,0094,24.508333333333336,1
2025-06-08,0007,12.145833333333334,1
2025-06-08,0085,14.316666666666668,1
2025-06-08,0093,16.733333333333334,1
2025-06-08,0094,14.077083333333334,1
2025-06-08,0016,5.179166666666666,1
2025-06-09,0007,14.162500000000001,1
2025-06-09,0094,14.452083333333334,1
2025-06-09,0093,19.131249999999998,1
2025-06-09,0085,13.9,24
2025-06-09,0085,14.475,1
2025-06-09,0016,7.675,1
2025-06-10,0016,14.916666666666666,1
2025-06-10,0094,16.45625,1
2025-06-10,0007,16.079166666666666,1
2025-06-10,0085,17.87727272727273,1
2025-06-10,0093,21.508333333333336,1
2025-06-11,0094,21.87291666666667,1
2025-06-11,0093,30.077083333333334,1
2025-06-11,0085,22.579166666666666,1
2025-06-11,0007,18.641666666666666,1
2025-06-11,0016,19.054545454545455,1
2025-06-12,0094,21.897727272727273,1
2025-06-12,0093,27.504166666666666,1
2025-06-12,0085,20.6,24
2025-06-12,0007,20.616666666666667,1
2025-06-12,0016,17.479166666666668,1
2025-06-12,0085,22.014583333333334,1
2025-06-13,0007,3.3208333333333333,1
2025-06-13,0093,7.723255813953489,1
2025-06-13,0016,9.125,1
2025-06-13,0094,4.491666666666666,1
2025-06-13,0085,4.627083333333333,1
2025-06-14,0016,1.9458333333333335,1
2025-06-14,0007,7.4125000000000005,1
2025-06-14,0085,6.139583333333333,1
2025-06-14,0093,10.233333333333333,1
2025-06-14,0094,6.0062500000000005,1
2025-06-15,0094,7.472916666666666,1
2025-06-15,0016,4.258333333333334,1
2025-06-15,0093,10.6,1
2025-06-15,0085,8.6,24
2025-06-15,0085,7.8374999999999995,1
2025-06-15,0007,9.441666666666666,1
2025-06-16,0094,3.65,1
2025-06-16,0093,7.3500000000000005,1
2025-06-16,0085,5.135416666666667,1
2025-06-16,0007,4.895833333333333,1
2025-06-16,0016,12.75,1
2025-06-17,0016,11.825000000000001,1
2025-06-17,0085,7.864583333333333,1
2025-06-17,0093,13.210416666666667,1
2025-06-17,0007,7.3999999999999995,1
2025-06-17,0094,7.845833333333332,1
2025-06-18,0016,8.370833333333334,1
2025-06-18,0085,5.5,24
2025-06-18,0093,7.083333333333333,1
2025-06-18,0085,5.3125,1
2025-06-18,0007,4.5181818181818185,1
2025-06-18,0094,5.677083333333333,1
2025-06-19,0016,7.3999999999999995,1
2025-06-19,0007,5.679166666666667,1
2025-06-19,0085,7.402083333333334,1
2025-06-19,0093,6.55,1
2025-06-19,0094,4.402083333333334,1
2025-06-20,0016,9.654166666666667,1
2025-06-20,0007,8.2125,1
2025-06-20,0085,7.339583333333334,1
2025-06-20,0093,11.347916666666668,1
2025-06-20,0094,7.54375,1
2025-06-21,0094,10.85,1
2025-06-21,0093,14.820833333333333,1
2025-06-21,0085,10.810416666666667,1
2025-06-21,0016,3.025,1
2025-06-21,0007,10.9375,1
2025-06-21,0085,11.8,24
2025-06-22,0007,13.654166666666667,1
2025-06-22,0085,13.285416666666668,1
2025-06-22,0093,17.419999999999998,1
2025-06-22,0094,13.304166666666667,1
2025-06-22,0016,2.5166666666666666,1
2025-06-23,0016,5.804166666666667,1
2025-06-23,0094,11.897916666666667,1
2025-06-23,0007,10.891666666666666,1
2025-06-23,0085,11.183333333333332,1
2025-06-23,0093,16.304166666666667,1
2025-06-24,0007,9.041666666666666,1
2025-06-24,0085,8.6625,1
2025-06-24,0085,9.6,24
2025-06-24,0093,12.862499999999999,1
2025-06-24,0094,9.097916666666666,1
2025-06-24,0016,9.25,1
2025-06-25,0007,12.745000000000001,1
2025-06-25,0085,9.620833333333334,1
2025-06-25,0093,12.260975609756096,1
2025-06-25,0094,9.793750000000001,1
2025-06-25,0016,9.065217391304348,1
2025-06-26,0007,8.450000000000001,1
2025-06-26,0093,9.085416666666667,1
2025-06-26,0085,6.690476190476191,1
2025-06-26,0016,7.320833333333333,1
2025-06-26,0094,6.425581395348837,1
2025-06-27,0016,9.108333333333333,1
2025-06-27,0085,5.885416666666667,1
2025-06-27,0007,6.454166666666667,1
2025-06-27,0085,6.6,24
2025-06-27,0093,6.54375,1
2025-06-27,0094,5.658333333333334,1
2025-06-28,0094,3.75,1
2025-06-28,0007,5.2375,1
2025-06-28,0085,4.089583333333333,1
2025-06-28,0016,8.0875,1
2025-06-28,0093,4.8500000000000005,1
2025-06-29,0007,5.085714285714285,1
2025-06-29,0085,3.408333333333333,1
2025-06-29,0093,3.68125,1
2025-06-29,0094,3.6062499999999997,1
2025-06-29,0016,6.854166666666667,1
2025-06-30,0016,9.695833333333333,1
2025-06-30,0007,,1
2025-06-30,0094,5.335416666666667,1
2025-06-30,0093,5.8,1
2025-06-30,0085,6.3,24
2025-06-30,0085,5.164583333333334,1
2025-07-01,0016,5.833333333333333,1
2025-07-01,0094,5.020833333333333,1
2025-07-01,0093,6.483333333333333,1
2025-07-01,0085,5.4437500000000005,1
2025-07-01,0007,5.916666666666667,1
2025-07-02,0093,10.987499999999999,1
2025-07-02,0094,9.06875,1
2025-07-02,0016,13.8125,1
2025-07-02,0085,10.927083333333334,1
2025-07-02,0007,10.3125,1
2025-07-03,0016,12.583333333333334,1
2025-07-03,0007,11.979166666666666,1
2025-07-03,0085,12.731250000000001,1
2025-07-03,0094,11.439583333333333,1
2025-07-03,0093,13.839583333333332,1
2025-07-04,0093,23.260416666666668,1
2025-07-04,0016,8.279166666666667,1
2025-07-04,0094,17.404166666666665,1
2025-07-04,0085,25.054166666666664,1
2025-07-04,0007,16.6375,1
2025-07-05,0016,6.075,1
2025-07-05,0094,15.235416666666666,1
2025-07-05,0093,18.635416666666668,1
2025-07-05,0085,17.035416666666666,1
2025-07-05,0007,15.170833333333334,1
2025-07-06,0016,3.8791666666666664,1
2025-07-06,0085,11.572916666666666,1
2025-07-06,0094,9.125,1
2025-07-06,0093,11.010416666666666,1
2025-07-06,0007,10.541666666666666,1
2025-07-07,0085,8.833333333333334,1
2025-07-07,0093,8.395833333333334,1
2025-07-07,0016,6.425,1
2025-07-07,0094,6.610416666666667,1
2025-07-07,0007,6.512499999999999,1
2025-07-08,0093,11.031818181818181,1
2025-07-08,0016,13.775,1
2025-07-08,0007,6.483333333333333,1
2025-07-08,0085,8.620454545454546,1
2025-07-08,0094,6.9437500000000005,1
2025-07-09,0016,6.541666666666667,1
2025-07-09,0094,4.488372093023256,1
2025-07-09,0093,7.76595744680851,1
2025-07-09,0085,6.04375,1
2025-07-09,0007,5.575,1
2025-07-10,0094,5.98125,1
2025-07-10,0093,7.959574468085107,1
2025-07-10,0085,8.058333333333334,1
2025-07-10,0007,6.995833333333334,1
2025-07-10,0016,12.072727272727274,1
2025-07-11,0016,9.825000000000001,1
2025-07-11,0007,8.283333333333333,1
2025-07-11,0085,7.96875,1
2025-07-11,0093,10.883333333333333,1
2025-07-11,0094,8.695833333333333,1
2025-07-12,0085,4.1875,1
2025-07-12,0093,5.295833333333333,1
2025-07-12,0094,4.685416666666667,1
2025-07-12,0016,6.745833333333334,1
2025-07-12,0007,4.679166666666666,1
2025-07-13,0085,5.016666666666667,1
2025-07-13,0093,5.527083333333334,1
2025-07-13,0094,5.8812500000000005,1
2025-07-13,0007,5.5,1
2025-07-13,0016,9.512500000000001,1
2025-07-14,0016,6.175,1
2025-07-14,0094,8.447916666666666,1
2025-07-14,0007,7.141666666666667,1
2025-07-14,0085,7.05,1
2025-07-14,0093,8.20625,1
2025-07-15,0093,9.15625,1
2025-07-15,0085,5.891666666666667,1
2025-07-15,0007,6.523809523809524,1
2025-07-15,0094,5.575,1
2025-07-15,0016,12.983333333333334,1
2025-07-16,0016,9.470833333333333,1
2025-07-16,0093,8.739583333333334,1
2025-07-16,0085,7.020833333333333,1
2025-07-16,0094,6.472916666666666,1
2025-07-16,0007,6.104166666666667,1
2025-07-17,0016,5.8875,1
2025-07-17,0007,5.637499999999999,1
2025-07-17,0085,5.860416666666667,1
2025-07-17,0093,7.708695652173914,1
2025-07-17,0094,5.210416666666666,1
2025-07-18,0093,9.543750000000001,1
2025-07-18,0007,7.716666666666666,1
2025-07-18,0085,8.772916666666667,1
2025-07-18,0016,9.125,1
2025-07-18,0094,7.758333333333333,1
2025-07-19,0093,11.8375,1
2025-07-19,0094,9.737499999999999,1
2025-07-19,0016,7.175,1
2025-07-19,0085,10.145833333333334,1
2025-07-19,0007,10.041666666666666,1
2025-07-20,0093,11.44375,1
2025-07-20,0085,10.029166666666667,1
2025-07-20,0007,10.049999999999999,1
2025-07-20,0016,4.241666666666666,1
2025-07-20,0094,9.716666666666667,1
2025-07-21,0093,4.914583333333334,1
2025-07-21,0085,4.285416666666666,1
2025-07-21,0094,4.625,1
2025-07-21,0016,9.225,1
2025-07-21,0007,3.6958333333333333,1
2025-07-22,0007,10.2125,1
2025-07-22,0085,10.689583333333333,1
2025-07-22,0093,15.836170212765957,1
2025-07-22,0094,9.577083333333333,1
2025-07-22,0016,11.9,1
2025-07-23,0016,9.476190476190476,1
2025-07-23,0093,16.662499999999998,1
2025-07-23,0094,13.814583333333333,1
2025-07-23,0007,14.070833333333333,1
2025-07-23,0085,13.334999999999999,1
2025-07-24,0093,13.927272727272726,1
2025-07-24,0094,9.672093023255814,1
2025-07-24,0085,10.991666666666667,1
2025-07-24,0016,9.183333333333334,1
2025-07-24,0007,10.995833333333332,1
2025-07-25,0007,8.0625,1
2025-07-25,0085,8.479166666666666,1
2025-07-25,0093,10.231250000000001,1
2025-07-25,0094,7.295833333333333,1
2025-07-25,0016,10.0625,1
2025-07-26,0094,5.699999999999999,1
2025-07-26,0093,8.821428571428571,1
2025-07-26,0085,6.4875,1
2025-07-26,0007,5.941666666666666,1
2025-07-26,0016,5.058333333333333,1
2025-07-27,0016,4.016666666666667,1
2025-07-27,0007,4.291666666666667,1
2025-07-27,0094,4.314583333333333,1
2025-07-27,0093,5.158333333333333,1
2025-07-27,0085,4.135416666666667,1
2025-07-28,0016,7.4750000000000005,1
2025-07-28,0094,7.997916666666666,1
2025-07-28,0085,8.106250000000001,1
2025-07-28,0007,8.895833333333334,1
2025-07-28,0093,9.90625,1
2025-07-29,0093,11.418750000000001,1
2025-07-29,0094,7.470833333333334,1
2025-07-29,0016,6.0375000000000005,1
2025-07-29,0007,8.775,1
2025-07-29,0085,8.686666666666666,1
2025-07-30,0094,6.972916666666666,1
2025-07-30,0007,10.48235294117647,1
2025-07-30,0016,7.945833333333333,1
2025-07-30,0093,10.547916666666667,1
2025-07-30,0085,6.782222222222222,1
2025-07-31,0016,1.6916666666666667,1
2025-07-31,0094,15.989583333333334,1
2025-07-31,0093,20.260416666666668,1
2025-07-31,0085,19.664583333333333,1
2025-07-31,0007,18.30909090909091,1
2025-08-01,0085,42.204166666666666,1
2025-08-01,0007,22.95,1
2025-08-01,0094,40.18125,1
2025-08-01,0093,43.24583333333334,1
2025-08-01,0016,4.391666666666667,1
2025-08-02,0085,17.9,24
2025-08-02,0094,17.764583333333334,1
2025-08-02,0007,5.791666666666667,1
2025-08-02,0085,19.152083333333334,1
2025-08-02,0093,19.439583333333335,1
2025-08-02,0016,2.654166666666667,1
2025-08-03,0016,2.3272727272727276,1
2025-08-03,0007,-2.3125,1
2025-08-03,0085,7.73125,1
2025-08-03,0093,8.064583333333333,1
2025-08-03,0094,6.770833333333333,1
2025-08-04,0094,6.3062499999999995,1
2025-08-04,0093,6.504166666666666,1
2025-08-04,0085,6.529166666666666,1
2025-08-04,0007,-2.045833333333333,1
2025-08-04,0016,4.383333333333334,1
2025-08-05,0016,6.5625,1
2025-08-05,0085,5.916666666666667,1
2025-08-05,0085,,24
2025-08-05,0093,6.666666666666667,1
2025-08-05,0094,6.113636363636363,1
2025-08-05,0007,-2.529166666666667,1
2025-08-06,0094,9.237499999999999,1
2025-08-06,0093,13.635416666666666,1
2025-08-06,0016,15.15,1
2025-08-06,0007,-0.04166666666666665,1
2025-08-06,0085,10.373333333333333,1
2025-08-07,0016,12.183333333333332,1
2025-08-07,0093,13.622916666666667,1
2025-08-07,0007,1.3791666666666667,1
2025-08-07,0094,9.924999999999999,1
2025-08-07,0085,11.139583333333334,1
2025-08-08,0093,12.747916666666667,1
2025-08-08,0085,8.729166666666666,1
2025-08-08,0085,9.7,24
2025-08-08,0094,8.356250000000001,1
2025-08-08,0016,10.941666666666668,1
2025-08-08,0007,0.15833333333333333,1
2025-08-09,0007,-0.09999999999999996,1
2025-08-09,0085,7.902083333333334,1
2025-08-09,0093,10.564583333333333,1
2025-08-09,0094,7.5687500000000005,1
2025-08-09,0016,6.55,1
2025-08-10,0016,6.941666666666666,1
2025-08-10,0094,6.208333333333333,1
2025-08-10,0093,8.322916666666666,1
2025-08-10,0085,5.879166666666666,1
2025-08-10,0007,-3.3166666666666664,1
2025-08-11,0085,7.5687500000000005,1
2025-08-11,0093,9.610869565217392,1
2025-08-11,0094,8.170833333333333,1
2025-08-11,0016,11.575000000000001,1
2025-08-11,0007,-1.7347826086956522,1
2025-08-12,0016,11.883333333333333,1
2025-08-12,0007,-2.3375,1
2025-08-12,0094,7.575,1
2025-08-12,0093,11.316666666666668,1
2025-08-12,0085,8.206249999999999,1
2025-08-13,0094,8.439583333333333,1
2025-08-13,0016,5.7375,1
2025-08-13,0085,10.4,24
2025-08-13,0007,0.5333333333333333,1
2025-08-13,0093,14.88723404255319,1
2025-08-13,0085,9.217777777777778,1
2025-08-14,0016,9.891666666666667,1
2025-08-14,0094,12.685416666666667,1
2025-08-14,0007,5.229166666666667,1
2025-08-14,0085,13.547916666666666,1
2025-08-14,0085,16.1,24
2025-08-14,0093,16.093617021276597,1
2025-08-15,0094,10.191666666666666,1
2025-08-15,0016,14.004166666666668,1
2025-08-15,0007,4.933333333333334,1
2025-08-15,0085,10.327083333333333,1
2025-08-15,0093,13.629166666666668,1
2025-08-16,0016,11.433333333333332,1
2025-08-16,0007,5.791666666666667,1
2025-08-16,0085,11.80625,1
2025-08-16,0093,13.220833333333333,1
2025-08-16,0094,10.90625,1
2025-08-17,0094,12.168750000000001,1
2025-08-17,0085,13.8,24
2025-08-17,0093,14.527083333333332,1
2025-08-17,0007,4.945833333333334,1
2025-08-17,0085,12.481250000000001,1
2025-08-17,0016,9.15,1
2025-08-18,0007,6.9750000000000005,1
2025-08-18,0085,13.247916666666667,1
2025-08-18,0094,13.745833333333332,1
2025-08-18,0093,16.729166666666668,1
2025-08-18,0016,13.216666666666667,1
2025-08-19,0093,11.460416666666667,1
2025-08-19,0094,9.546511627906977,1
2025-08-19,0007,3.4916666666666667,1
2025-08-19,0016,5.670833333333333,1
2025-08-19,0085,9.82391304347826,1
2025-08-20,0016,2.2545454545454544,1
2025-08-20,0007,-1.075,1
2025-08-20,0085,4.572340425531915,1
2025-08-20,0085,5.9,24
2025-08-20,0093,4.9875,1
2025-08-20,0094,4.177083333333333,1
2025-08-21,0016,3.216666666666667,1
2025-08-21,0093,4.441860465116279,1
2025-08-21,0094,3.8937500000000003,1
2025-08-21,0085,3.7458333333333336,1
2025-08-21,0007,3.170833333333333,1
2025-08-22,0085,6.204166666666667,1
2025-08-22,0093,6.857446808510638,1
2025-08-22,0094,5.78125,1
2025-08-22,0016,6.175,1
2025-08-22,0007,5.2749999999999995,1
2025-08-23,0093,7.010416666666667,1
2025-08-23,0016,6.145833333333333,1
2025-08-23,0007,6.0,1
2025-08-23,0085,6.927083333333333,1
2025-08-23,0094,6.135416666666667,1
2025-08-23,0085,8.0,24
2025-08-24,0016,3.025,1
2025-08-24,0007,2.8000000000000003,1
2025-08-24,0085,3.25625,1
2025-08-24,0093,4.070833333333334,1
2025-08-24,0094,3.4895833333333335,1
2025-08-25,0007,2.9583333333333335,1
2025-08-25,0016,6.858333333333333,1
2025-08-25,0094,4.2437499999999995,1
2025-08-25,0085,4.091666666666667,1
2025-08-25,0093,5.229166666666667,1
2025-08-26,0094,4.120833333333334,1
2025-08-26,0093,5.595833333333334,1
2025-08-26,0085,6.5,24
2025-08-26,0085,5.739583333333333,1
2025-08-26,0007,4.558333333333334,1
2025-08-26,0016,8.020833333333334,1
2025-08-27,0094,5.658333333333334,1
2025-08-27,0016,15.854166666666666,1
2025-08-27,0007,4.2375,1
2025-08-27,0085,6.989583333333333,1
2025-08-27,0093,10.05531914893617,1
2025-08-28,0085,7.7625,1
2025-08-28,0093,9.116666666666667,1
2025-08-28,0094,7.402083333333334,1
2025-08-28,0007,3.529166666666667,1
2025-08-28,0016,15.35,1
2025-08-29,0016,8.625,1
2025-08-29,0007,5.3625,1
2025-08-29,0085,8.785416666666666,1
2025-08-29,0085,9.6,24
2025-08-29,0093,8.654166666666667,1
2025-08-29,0094,8.766666666666667,1
2025-08-30,0094,6.985416666666667,1
2025-08-30,0016,6.6375,1
2025-08-30,0007,3.3833333333333333,1
2025-08-30,0085,6.5249999999999995,1
2025-08-30,0093,7.289583333333333,1
2025-08-31,0093,5.1187499999999995,1
2025-08-31,0085,5.091666666666667,1
2025-08-31,0016,3.8000000000000003,1
2025-08-31,0007,1.8583333333333334,1
2025-08-31,0094,4.7625,1
2025-09-01,0016,3.216666666666667,1
2025-09-01,0007,1.9708333333333332,1
2025-09-01,0085,5.560416666666666,1
2025-09-01,0085,7.0,24
2025-09-01,0093,4.98125,1
2025-09-01,0094,4.689583333333333,1
2025-09-02,0085,8.591666666666667,1
2025-09-02,0093,6.722916666666666,1
2025-09-02,0094,5.266666666666667,1
2025-09-02,0007,3.033333333333333,1
2025-09-02,0016,9.570833333333333,1
2025-09-03,0016,10.741666666666667,1
2025-09-03,0094,6.551162790697674,1
2025-09-03,0093,10.1175,1
2025-09-03,0085,7.744186046511628,1
2025-09-03,0007,4.125,1
2025-09-04,0085,14.4,24
2025-09-04,0085,13.935416666666667,1
2025-09-04,0007,8.85,1
2025-09-04,0093,17.521052631578947,1
2025-09-04,0094,14.779166666666667,1
2025-09-04,0016,13.617391304347825,1
2025-09-05,0016,6.5625,1
2025-09-05,0007,6.2749999999999995,1
2025-09-05,0085,9.595833333333333,1
2025-09-05,0093,11.283333333333333,1
2025-09-05,0094,10.1,1
2025-09-06,0007,1.45,1
2025-09-06,0016,3.391666666666666,1
2025-09-06,0094,4.572916666666667,1
2025-09-06,0093,5.759574468085106,1
2025-09-06,0085,4.704166666666667,1
2025-09-07,0007,3.266666666666667,1
2025-09-07,0094,3.591666666666667,1
2025-09-07,0093,4.839583333333334,1
2025-09-07,0016,5.991666666666667,1
2025-09-07,0085,5.2,24
2025-09-07,0085,5.03125,1
2025-09-08,0094,4.170833333333333,1
2025-09-08,0093,6.09375,1
2025-09-08,0085,3.78125,1
2025-09-08,0007,2.6,1
2025-09-08,0016,15.395833333333334,1
2025-09-09,0016,20.287499999999998,1
2025-09-09,0007,4.152380952380953,1
2025-09-09,0085,7.46875,1
2025-09-09,0093,12.210416666666667,1
2025-09-09,0094,5.564583333333334,1
2025-09-10,0016,20.537499999999998,1
2025-09-10,0007,7.270833333333333,1
2025-09-10,0085,13.293750000000001,1
2025-09-10,0085,15.1,24
2025-09-10,0093,18.21489361702128,1
2025-09-10,0094,10.456249999999999,1
2025-09-11,0094,14.270833333333334,1
2025-09-11,0093,22.337500000000002,1
2025-09-11,0016,15.166666666666666,1
2025-09-11,0007,13.983333333333334,1
2025-09-11,0085,17.554166666666667,1
2025-09-12,0093,18.835416666666667,1
2025-09-12,0007,10.920833333333334,1
2025-09-12,0085,16.08125,1
2025-09-12,0094,13.458333333333334,1
2025-09-12,0016,17.391666666666666,1
2025-09-13,0016,10.0,1
2025-09-13,0007,9.237499999999999,1
2025-09-13,0085,11.88125,1
2025-09-13,0085,12.0,24
2025-09-13,0093,14.429166666666667,1
2025-09-13,0094,11.552083333333334,1
2025-09-14,0016,6.875,1
2025-09-14,0007,8.558333333333334,1
2025-09-14,0085,9.847916666666666,1
2025-09-14,0093,12.102127659574467,1
2025-09-14,0094,9.983333333333333,1
2025-09-15,0016,8.604166666666666,1
2025-09-15,0085,12.532558139534883,1
2025-09-15,0007,12.029166666666667,1
2025-09-15,0094,12.36875,1
2025-09-15,0093,17.275000000000002,1
2025-09-16,0007,9.995833333333334,1
2025-09-16,0085,13.047916666666666,1
2025-09-16,0085,13.8,24
2025-09-16,0093,21.177777777777777,1
2025-09-16,0016,7.004166666666666,1
2025-09-16,0094,10.9375,1
2025-09-17,0007,10.395833333333334,1
2025-09-17,0085,13.639583333333334,1
2025-09-17,0093,16.714583333333334,1
2025-09-17,0094,11.92093023255814,1
2025-09-17,0016,17.47142857142857,1
2025-09-18,0007,12.125,1
2025-09-18,0085,17.091666666666665,1
2025-09-18,0093,21.662499999999998,1
2025-09-18,0094,14.890909090909089,1
2025-09-18,0016,21.825,1
2025-09-19,0016,13.695833333333333,1
2025-09-19,0094,6.314583333333334,1
2025-09-19,0093,8.035416666666666,1
2025-09-19,0085,8.2,24
2025-09-19,0085,7.358333333333333,1
2025-09-19,0007,3.8666666666666667,1
2025-09-20,0094,8.05625,1
2025-09-20,0085,8.089583333333334,1
2025-09-20,0007,5.320833333333334,1
2025-09-20,0093,8.827083333333333,1
2025-09-20,0016,11.295833333333334,1
2025-09-21,0016,7.991666666666667,1
2025-09-21,0007,4.2,1
2025-09-21,0094,6.547916666666667,1
2025-09-21,0093,7.693617021276596,1
2025-09-21,0085,5.9875,1
2025-09-22,0007,4.683333333333334,1
2025-09-22,0016,15.279166666666667,1
2025-09-22,0094,6.885416666666667,1
2025-09-22,0093,9.997916666666667,1
2025-09-22,0085,,24
2025-09-22,0085,7.370833333333334,1
2025-09-23,0016,12.7875,1
2025-09-23,0094,7.010416666666667,1
2025-09-23,0007,4.6125,1
2025-09-23,0085,7.983333333333333,1
2025-09-23,0085,,24
2025-09-23,0093,9.952083333333333,1
2025-09-24,0016,3.7291666666666665,1
2025-09-24,0085,6.447916666666667,1
2025-09-24,0007,-0.11904761904761896,1
2025-09-24,0093,8.6625,1
2025-09-24,0094,6.110416666666667,1
2025-09-25,0016,7.870833333333334,1
2025-09-25,0007,-1.1458333333333333,1
2025-09-25,0085,6.122916666666666,1
2025-09-25,0085,,24
2025-09-25,0093,6.504166666666666,1
2025-09-25,0094,4.375,1
2025-09-26,0094,6.716666666666666,1
2025-09-26,0093,10.066666666666666,1
2025-09-26,0085,8.489583333333334,1
2025-09-26,0016,16.466666666666665,1
2025-09-26,0007,6.841666666666668,1
2025-09-26,0085,9.3,24
2025-09-27,0007,7.154166666666666,1
2025-09-27,0085,12.545833333333334,1
2025-09-27,0093,15.519148936170213,1
2025-09-27,0094,11.327083333333334,1
2025-09-27,0016,17.587500000000002,1
2025-09-28,0085,14.816666666666668,1
2025-09-28,0016,17.091666666666665,1
2025-09-28,0085,,24
2025-09-28,0093,14.087234042553192,1
2025-09-28,0094,11.53125,1
2025-09-28,0007,6.645833333333333,1
2025-09-29,0007,8.879166666666666,1
2025-09-29,0085,17.672916666666666,1
2025-09-29,0093,21.83125,1
2025-09-29,0094,11.216666666666667,1
2025-09-29,0016,19.133333333333333,1
2025-09-30,0007,8.395833333333334,1
2025-09-30,0093,18.654166666666665,1
2025-09-30,0094,11.591666666666667,1
2025-09-30,0085,16.897916666666667,1
2025-09-30,0016,14.079999999999998,1
2025-10-01,0007,10.970833333333333,1
2025-10-01,0085,14.26086956521739,1
2025-10-01,0085,,24
2025-10-01,0094,12.859523809523811,1
2025-10-01,0016,18.033333333333335,1
2025-10-01,0093,18.24772727272727,1
2025-10-02,0016,25.02916666666667,1
2025-10-02,0085,11.975,1
2025-10-02,0093,18.208333333333332,1
2025-10-02,0094,9.741666666666667,1
2025-10-02,0007,6.333333333333333,1
2025-10-03,0016,15.095833333333333,1
2025-10-03,0007,4.620833333333334,1
2025-10-03,0085,9.410416666666666,1
2025-10-03,0093,15.081249999999999,1
2025-10-03,0094,8.831249999999999,1
2025-10-04,0007,3.3375,1
2025-10-04,0085,9.8,24
2025-10-04,0085,9.512500000000001,1
2025-10-04,0094,9.2125,1
2025-10-04,0016,11.820833333333333,1
2025-10-04,0093,13.46875,1
2025-10-05,0016,9.2125,1
2025-10-05,0094,7.0874999999999995,1
2025-10-05,0093,9.85,1
2025-10-05,0085,7.710416666666667,1
2025-10-05,0007,2.5458333333333334,1
2025-10-06,0094,4.889583333333333,1
2025-10-06,0093,9.61875,1
2025-10-06,0085,5.422916666666667,1
2025-10-06,0007,1.2874999999999999,1
2025-10-06,0016,10.8375,1
2025-10-07,0016,3.720833333333333,1
2025-10-07,0007,-2.427777777777778,1
2025-10-07,0085,3.71875,1
2025-10-07,0085,,24
2025-10-07,0093,6.1312500000000005,1
2025-10-07,0094,3.1,1
2025-10-08,0016,5.258333333333334,1
2025-10-08,0007,3.733333333333333,1
2025-10-08,0085,5.454166666666667,1
2025-10-08,0085,5.7,24
2025-10-08,0093,10.881250000000001,1
2025-10-08,0094,4.2562500000000005,1
2025-10-09,0094,5.3374999999999995,1
2025-10-09,0093,7.627083333333334,1
2025-10-09,0007,4.8875,1
2025-10-09,0085,6.0562499999999995,1
2025-10-09,0016,15.954166666666666,1
2025-10-10,0016,16.6875,1
2025-10-10,0007,6.5125,1
2025-10-10,0085,6.575,1
2025-10-10,0085,8.0,24
2025-10-10,0093,12.214583333333332,1
2025-10-10,0094,6.95625,1
2025-10-11,0007,7.95,1
2025-10-11,0085,8.24375,1
2025-10-11,0093,10.822916666666666,1
2025-10-11,0094,7.59375,1
2025-10-11,0016,8.525,1
2025-10-12,0016,13.183333333333332,1
2025-10-12,0094,8.710416666666667,1
2025-10-12,0007,6.429166666666667,1
2025-10-12,0085,8.154166666666667,1
2025-10-12,0093,11.043750000000001,1
2025-10-13,0085,12.789583333333333,1
2025-10-13,0085,14.0,24
2025-10-13,0093,20.28510638297872,1
2025-10-13,0094,11.439583333333333,1
2025-10-13,0016,19.075,1
2025-10-13,0007,11.8125,1
2025-10-14,0007,8.079166666666667,1
2025-10-14,0085,14.452083333333334,1
2025-10-14,0093,20.466666666666665,1
2025-10-14,0094,9.152083333333334,1
2025-10-14,0016,17.841666666666665,1
2025-10-15,0016,17.366666666666667,1
2025-10-15,0007,12.616666666666667,1
2025-10-15,0094,12.583720930232559,1
2025-10-15,0093,25.84375,1
2025-10-15,0085,16.47906976744186,1
2025-10-16,0094,11.665957446808509,1
2025-10-16,0085,13.4,24
2025-10-16,0093,17.702380952380953,1
2025-10-16,0016,16.950000000000003,1
2025-10-16,0007,7.670833333333333,1
2025-10-16,0085,12.729166666666666,1
2025-10-17,0016,12.591666666666667,1
2025-10-17,0094,8.61875,1
2025-10-17,0007,7.970833333333334,1
2025-10-17,0085,8.991666666666667,1
2025-10-17,0093,14.369047619047619,1
2025-10-18,0094,12.316666666666668,1
2025-10-18,0007,6.0874999999999995,1
2025-10-18,0093,21.97083333333333,1
2025-10-18,0085,12.86875,1
2025-10-18,0016,8.9875,1
2025-10-19,0016,5.241666666666666,1
2025-10-19,0085,3.3,24
2025-10-19,0085,2.810416666666667,1
2025-10-19,0094,2.4479166666666665,1
2025-10-19,0093,5.553846153846154,1
2025-10-19,0007,0.36666666666666675,1
2025-10-20,0007,2.0124999999999997,1
2025-10-20,0016,8.341666666666667,1
2025-10-20,0094,3.5833333333333335,1
2025-10-20,0085,3.5083333333333333,1
2025-10-20,0093,6.4757575757575765,1
2025-10-21,0016,9.924999999999999,1
2025-10-21,0085,2.7111111111111112,1
2025-10-21,0094,3.1875,1
2025-10-21,0093,4.508571428571429,1
2025-10-21,0007,1.0666666666666667,1
2025-10-22,0094,3.8937500000000003,1
2025-10-22,0085,5.625,1
2025-10-22,0007,4.623809523809523,1
2025-10-22,0085,5.9,24
2025-10-22,0093,7.402083333333334,1
2025-10-22,0016,13.549999999999999,1
2025-10-23,0094,5.429166666666667,1
2025-10-23,0093,14.541666666666666,1
2025-10-23,0085,16.535416666666666,1
2025-10-23,0007,7.466666666666666,1
2025-10-23,0016,15.108333333333334,1
2025-10-24,0085,9.320833333333333,1
2025-10-24,0016,20.858333333333334,1
2025-10-24,0094,8.981250000000001,1
2025-10-24,0007,5.745833333333334,1
2025-10-24,0093,13.135416666666666,1
2025-10-25,0085,6.8,24
2025-10-25,0016,9.541666666666666,1
2025-10-25,0007,2.3125,1
2025-10-25,0085,5.89375,1
2025-10-25,0093,5.8062499999999995,1
2025-10-25,0094,5.029166666666667,1
2025-10-26,0016,5.341666666666666,1
2025-10-26,0094,4.120833333333334,1
2025-10-26,0093,5.04375,1
2025-10-26,0007,2.4541666666666666,1
2025-10-26,0085,4.427083333333333,1
2025-10-27,0016,7.45,1
2025-10-27,0085,4.910416666666666,1
2025-10-27,0093,5.883333333333333,1
2025-10-27,0094,4.6812499999999995,1
2025-10-27,0007,5.2375,1
2025-10-28,0016,10.5375,1
2025-10-28,0007,6.675,1
2025-10-28,0085,7.772916666666667,1
2025-10-28,0085,8.2,24
2025-10-28,0093,9.472916666666666,1
2025-10-28,0094,6.8687499999999995,1
2025-10-29,0094,2.3651162790697673,1
2025-10-29,0007,2.279166666666667,1
2025-10-29,0085,3.5386363636363636,1
2025-10-29,0093,4.34375,1
2025-10-29,0016,3.0541666666666667,1
2025-10-30,0016,8.810526315789474,1
2025-10-30,0094,4.508333333333334,1
2025-10-30,0093,7.640000000000001,1
2025-10-30,0007,4.1000000000000005,1
2025-10-30,0085,4.364583333333333,1
2025-10-31,0007,7.7625,1
2025-10-31,0093,8.735416666666667,1
2025-10-31,0016,12.170833333333334,1
2025-10-31,0094,6.766666666666667,1
2025-10-31,0085,6.891666666666667,1
2025-10-31,0085,6.9,24
2025-11-01,0094,3.452083333333333,1
2025-11-01,0093,5.508333333333333,1
2025-11-01,0007,3.625,1
2025-11-01,0016,8.725,1
2025-11-01,0085,3.108333333333333,1
2025-11-02,0085,5.9437500000000005,1
2025-11-02,0016,8.275,1
2025-11-02,0093,8.741666666666667,1
2025-11-02,0094,5.602083333333333,1
2025-11-02,0007,5.9125000000000005,1
2025-11-03,0007,7.008333333333333,1
2025-11-03,0016,12.216666666666667,1
2025-11-03,0085,10.2125,1
2025-11-03,0093,10.685416666666667,1
2025-11-03,0094,5.604166666666667,1
2025-11-03,0085,9.9,24
2025-11-04,0007,13.090909090909092,1
2025-11-04,0085,9.428260869565218,1
2025-11-04,0093,15.058333333333332,1
2025-11-04,0094,9.275,1
2025-11-04,0016,17.354166666666668,1
2025-11-05,0085,8.783333333333333,1
2025-11-05,0093,9.691666666666666,1
2025-11-05,0094,5.945833333333333,1
2025-11-05,0007,,1
2025-11-05,0016,8.479166666666666,1
2025-11-06,0085,8.122916666666667,1
2025-11-06,0016,14.479166666666666,1
2025-11-06,0007,6.859999999999999,1
2025-11-06,0094,6.4375,1
2025-11-06,0085,8.0,24
2025-11-06,0093,11.612499999999999,1
2025-11-07,0094,6.477083333333333,1
2025-11-07,0093,10.358333333333333,1
2025-11-07,0085,8.762500000000001,1
2025-11-07,0007,8.295833333333333,1
2025-11-07,0016,12.583333333333334,1
2025-11-08,0007,9.4125,1
2025-11-08,0093,9.025,1
2025-11-08,0016,10.258333333333335,1
2025-11-08,0085,6.433333333333334,1
2025-11-08,0094,6.316666666666666,1
2025-11-09,0007,2.0875,1
2025-11-09,0085,3.1041666666666665,1
2025-11-09,0093,3.05625,1
2025-11-09,0094,1.9937500000000001,1
2025-11-09,0085,3.1,24
2025-11-09,0016,1.3375000000000001,1
2025-11-10,0016,5.091666666666667,1
2025-11-10,0007,3.029166666666667,1
2025-11-10,0085,2.9791666666666665,1
2025-11-10,0093,4.216666666666667,1
2025-11-10,0094,2.8249999999999997,1
2025-11-11,0007,3.15,1
2025-11-11,0016,11.895833333333334,1
2025-11-11,0085,4.6125,1
2025-11-11,0093,7.3500000000000005,1
2025-11-11,0094,4.602325581395349,1
2025-11-12,0085,9.7,24
2025-11-12,0016,20.568181818181817,1
2025-11-12,0085,8.976744186046512,1
2025-11-12,0094,5.91875,1
2025-11-12,0093,12.447916666666666,1
2025-11-12,0007,10.770833333333334,1
2025-11-13,0007,10.658333333333333,1
2025-11-13,0094,10.38125,1
2025-11-13,0016,22.4,1
2025-11-13,0093,24.414583333333336,1
2025-11-13,0085,17.650000000000002,1
2025-11-14,0094,11.145833333333334,1
2025-11-14,0093,17.160416666666666,1
2025-11-14,0085,10.922916666666666,1
2025-11-14,0007,9.883333333333333,1
2025-11-14,0016,16.6375,1
2025-11-15,0094,5.947916666666667,1
2025-11-15,0085,6.045833333333333,1
2025-11-15,0085,7.3,24
2025-11-15,0093,8.602083333333333,1
2025-11-15,0016,5.716666666666666,1
2025-11-15,0007,6.404166666666666,1
2025-11-16,0007,6.2875000000000005,1
2025-11-16,0085,6.40625,1
2025-11-16,0093,6.533333333333334,1
2025-11-16,0094,3.8083333333333336,1
2025-11-16,0016,7.516666666666667,1
2025-11-17,0007,8.375,1
2025-11-17,0085,12.4625,1
2025-11-17,0093,16.714583333333334,1
2025-11-17,0094,7.666666666666667,1
2025-11-17,0016,20.8125,1
2025-11-18,0016,12.429166666666667,1
2025-11-18,0085,10.21875,1
2025-11-18,0093,19.272727272727273,1
2025-11-18,0094,9.762500000000001,1
2025-11-18,0085,11.6,24
2025-11-18,0007,9.383333333333333,1
2025-11-19,0085,19.647916666666667,1
2025-11-19,0016,9.887500000000001,1
2025-11-19,0007,17.75,1
2025-11-19,0094,15.991666666666667,1
2025-11-19,0093,23.788636363636364,1
2025-11-20,0093,19.695833333333333,1
2025-11-20,0085,16.193749999999998,1
2025-11-20,0007,11.816666666666668,1
2025-11-20,0016,14.625,1
2025-11-20,0094,15.552083333333334,1
2025-11-21,0007,4.4750000000000005,1
2025-11-21,0085,5.947916666666667,1
2025-11-21,0085,6.4,24
2025-11-21,0094,4.6875,1
2025-11-21,0016,8.016666666666667,1
2025-11-21,0093,12.512500000000001,1
2025-11-22,0016,8.9375,1
2025-11-22,0093,18.183333333333334,1
2025-11-22,0007,13.729166666666666,1
2025-11-22,0085,14.59375,1
2025-11-22,0094,13.354166666666666,1
2025-11-23,0007,11.729166666666666,1
2025-11-23,0085,12.916666666666666,1
2025-11-23,0093,16.097916666666666,1
2025-11-23,0094,12.627083333333333,1
2025-11-23,0016,7.804166666666667,1
2025-11-24,0007,5.158333333333333,1
2025-11-24,0016,11.269565217391303,1
2025-11-24,0085,8.168750000000001,1
2025-11-24,0085,8.2,24
2025-11-24,0094,6.591666666666666,1
2025-11-24,0093,12.197727272727274,1
2025-11-25,0094,5.579069767441861,1
2025-11-25,0093,6.810416666666666,1
2025-11-25,0085,4.4025,1
2025-11-25,0007,5.0125,1
2025-11-25,0016,9.579166666666667,1
2025-11-26,0093,3.7583333333333333,1
2025-11-26,0085,2.3375,1
2025-11-26,0007,1.1291666666666667,1
2025-11-26,0016,6.291666666666667,1
2025-11-26,0094,2.4520833333333334,1
2025-11-27,0016,5.466666666666666,1
2025-11-27,0007,4.358333333333333,1
2025-11-27,0085,4.677083333333333,1
2025-11-27,0085,,24
2025-11-27,0093,9.677083333333334,1
2025-11-27,0094,4.4624999999999995,1
2025-11-28,0094,8.185416666666667,1
2025-11-28,0093,11.3125,1
2025-11-28,0016,8.195833333333333,1
2025-11-28,0007,8.052173913043479,1
2025-11-28,0085,7.645833333333333,1
2025-11-29,0085,5.08125,1
2025-11-29,0093,7.0062500000000005,1
2025-11-29,0094,5.958333333333333,1
2025-11-29,0016,7.254166666666666,1
2025-11-29,0007,4.1625,1
2025-11-30,0007,4.066666666666666,1
2025-11-30,0085,4.629166666666666,1
2025-11-30,0085,,24
2025-11-30,0093,6.754166666666666,1
2025-11-30,0094,4.660416666666666,1
2025-11-30,0016,2.670833333333333,1
2025-12-01,0016,14.387500000000001,1
2025-12-01,0093,12.299999999999999,1
2025-12-01,0094,9.572916666666666,1
2025-12-01,0007,7.233333333333333,1
2025-12-01,0085,8.78125,1
2025-12-02,0085,6.9375,1
2025-12-02,0093,9.879166666666666,1
2025-12-02,0094,7.71875,1
2025-12-02,0016,10.591666666666667,1
2025-12-02,0007,5.825,1
2025-12-03,0016,14.2125,1
2025-12-03,0093,14.9375,1
2025-12-03,0007,10.112499999999999,1
2025-12-03,0085,10.389583333333333,1
2025-12-03,0085,12.6,24
2025-12-03,0094,11.59375,1
2025-12-04,0007,11.336842105263159,1
2025-12-04,0016,8.295833333333333,1
2025-12-04,0085,11.897916666666667,1
2025-12-04,0093,16.087500000000002,1
2025-12-04,0094,11.277083333333332,1
2025-12-05,0007,11.683333333333332,1
2025-12-05,0085,12.333333333333334,1
2025-12-05,0093,17.733333333333334,1
2025-12-05,0016,21.754166666666666,1
2025-12-05,0094,12.983333333333334,1
2025-12-06,0085,13.3,24
2025-12-06,0093,16.283333333333335,1
2025-12-06,0094,12.268749999999999,1
2025-12-06,0007,10.370833333333334,1
2025-12-06,0085,11.866666666666667,1
2025-12-06,0016,11.191666666666668,1
2025-12-07,0016,5.916666666666667,1
2025-12-07,0094,15.452083333333334,1
2025-12-07,0093,19.735416666666666,1
2025-12-07,0007,14.366666666666667,1
2025-12-07,0085,15.239583333333334,1
2025-12-08,0016,10.016666666666667,1
2025-12-08,0093,14.314583333333333,1
2025-12-08,0094,10.210416666666667,1
2025-12-08,0085,10.28125,1
2025-12-08,0007,9.7125,1
2025-12-09,0093,11.702083333333334,1
2025-12-09,0085,7.3,24
2025-12-09,0085,7.297916666666667,1
2025-12-09,0007,9.483333333333333,1
2025-12-09,0094,8.524242424242425,1
2025-12-09,0016,8.85,1
2025-12-10,0085,5.102564102564102,1
2025-12-10,0094,6.845833333333334,1
2025-12-10,0093,7.9312499999999995,1
2025-12-10,0007,6.2875000000000005,1
2025-12-10,0016,5.931818181818182,1
2025-12-11,0007,7.675,1
2025-12-11,0085,9.910416666666666,1
2025-12-11,0093,12.282926829268293,1
2025-12-11,0094,10.262500000000001,1
2025-12-11,0016,12.929166666666667,1
2025-12-12,0085,12.2,24
2025-12-12,0085,11.589583333333332,1
2025-12-12,0016,7.358333333333333,1
2025-12-12,0094,12.895833333333334,1
2025-12-12,0007,11.858333333333334,1
2025-12-12,0093,13.279166666666667,1
2025-12-13,0016,3.591666666666667,1
2025-12-13,0094,8.766666666666667,1
2025-12-13,0093,10.112499999999999,1
2025-12-13,0085,7.979166666666667,1
2025-12-13,0007,9.9125,1
2025-12-14,0094,3.454166666666667,1
2025-12-14,0085,3.0104166666666665,1
2025-12-14,0093,3.75625,1
2025-12-14,0016,6.958333333333333,1
2025-12-14,0007,3.5375,1
2025-12-15,0007,4.254166666666666,1
2025-12-15,0085,4.458333333333333,1
2025-12-15,0085,5.2,24
2025-12-15,0093,9.7125,1
2025-12-15,0094,5.945833333333333,1
2025-12-15,0016,17.045833333333334,1
2025-12-16,0016,16.658333333333335,1
2025-12-16,0007,6.166666666666667,1
2025-12-16,0085,7.239583333333333,1
2025-12-16,0093,21.849999999999998,1
2025-12-16,0094,9.345833333333333,1
2025-12-17,0016,18.1875,1
2025-12-17,0007,12.842857142857142,1
2025-12-17,0085,13.966666666666667,1
2025-12-17,0093,17.585416666666667,1
2025-12-17,0094,14.049999999999999,1
2025-12-18,0016,7.875,1
2025-12-18,0093,4.891666666666667,1
2025-12-18,0085,5.3,24
2025-12-18,0085,4.4750000000000005,1
2025-12-18,0094,5.279166666666667,1
2025-12-18,0007,2.5124999999999997,1
2025-12-19,0016,11.745833333333332,1
2025-12-19,0007,1.6166666666666665,1
2025-12-19,0085,5.0249999999999995,1
2025-12-19,0093,3.591666666666667,1
2025-12-19,0094,3.37,1
2025-12-20,0093,4.2,1
2025-12-20,0094,3.5083333333333333,1
2025-12-20,0085,3.3249999999999997,1
2025-12-20,0007,3.0666666666666664,1
2025-12-20,0016,6.6125,1
2025-12-21,0016,18.170833333333334,1
2025-12-21,0007,3.908333333333333,1
2025-12-21,0085,4.741666666666666,1
2025-12-21,0085,5.1,24
2025-12-21,0093,4.95,1
2025-12-21,0094,3.88125,1
2025-12-22,0093,8.03125,1
2025-12-22,0016,16.870833333333334,1
2025-12-22,0007,4.416666666666667,1
2025-12-22,0085,7.2325,1
2025-12-22,0094,6.166666666666667,1
2025-12-23,0093,17.917073170731708,1
2025-12-23,0085,17.7375,1
2025-12-23,0094,14.981250000000001,1
2025-12-23,0016,12.695833333333333,1
2025-12-23,0007,18.208333333333332,1
2025-12-24,0007,17.766666666666666,1
2025-12-24,0085,16.131249999999998,1
2025-12-24,0085,17.0,24
2025-12-24,0093,17.114583333333332,1
2025-12-24,0094,16.979166666666668,1
2025-12-24,0016,11.904166666666667,1
2025-12-25,0016,6.3374999999999995,1
2025-12-25,0094,10.958333333333334,1
2025-12-25,0093,11.125,1
2025-12-25,0085,11.450000000000001,1
2025-12-25,0007,12.016666666666666,1
2025-12-26,0085,8.043750000000001,1
2025-12-26,0093,8.864583333333334,1
2025-12-26,0094,7.4125000000000005,1
2025-12-26,0016,5.131818181818182,1
2025-12-26,0007,8.5375,1
2025-12-27,0016,6.520833333333333,1
2025-12-27,0007,8.112499999999999,1
2025-12-27,0094,9.385416666666666,1
2025-12-27,0093,9.341666666666667,1
2025-12-27,0085,9.8,24
2025-12-27,0085,9.079166666666667,1
2025-12-28,0094,6.229166666666667,1
2025-12-28,0016,2.9875000000000003,1
2025-12-28,0085,6.5625,1
2025-12-28,0093,7.008333333333333,1
2025-12-28,0007,6.108333333333333,1
2025-12-29,0016,4.6375,1
2025-12-29,0094,3.86875,1
2025-12-29,0093,3.829166666666667,1
2025-12-29,0085,3.8229166666666665,1
2025-12-29,0007,2.1416666666666666,1
2025-12-30,0094,4.108333333333333,1
2025-12-30,0093,4.629166666666666,1
2025-12-30,0085,5.0,24
2025-12-30,0085,4.516666666666667,1
2025-12-30,0007,1.4047619047619047,1
2025-12-30,0016,9.670833333333333,1
2025-12-31,0094,10.081249999999999,1
2025-12-31,0093,8.924999999999999,1
2025-12-31,0085,10.61875,1
2025-12-31,0007,7.870833333333334,1
2025-12-31,0016,13.333333333333334,1
