date,temperature_2m_max,precipitation_sum,precipitation_hours,uv_index_max,wind_speed_10m_max,shortwave_radiation_sum,NO2,PM25,NO2_r7,PM25_r7,NO2_l1,NO2_l3,NO2_l7,PM25_l1,PM25_l3,PM25_l7,wind_r3
2025-01-08,26.904552,0.0,0.0,3.2390728,8.277242,10.930199,13.50024154589372,11.5956169250646,8.460046897546897,5.932322490147448,12.194444444444445,6.011994949494949,7.030555555555556,8.803769379844962,3.192904717853839,5.385,12.790560666666666
2025-01-09,31.040977,0.0,0.0,3.1940396,7.0753326,9.209537,20.0209541062802,16.439503901895208,9.384287753309492,6.819553479442391,13.50024154589372,5.190277777777777,16.915277777777778,11.5956169250646,4.058750000000001,9.86875,10.360965333333333
2025-01-10,31.872433,4.685431,8.920529,2.0102649,7.896077,5.118278,13.197222222222225,14.39936046511628,9.82795580023841,7.758232608284563,20.0209541062802,12.194444444444445,4.408333333333333,16.439503901895208,8.803769379844962,5.622083333333333,7.742402866666667
2025-01-11,34.892498,0.0,0.0,3.4894042,11.542524,9.82351,7.966666666666666,8.256882183908047,11.083511355793965,9.012129341396413,13.197222222222225,13.50024154589372,7.469444444444445,14.39936046511628,11.5956169250646,4.595000000000001,7.749550533333333
2025-01-12,40.49336,0.0,0.0,2.974172,11.365753,8.947285,6.024368686868687,6.320416666666667,11.15454310182571,9.535255367668992,7.966666666666666,20.0209541062802,6.011994949494949,8.256882183908047,16.439503901895208,3.192904717853839,8.837977866666668
2025-01-13,30.071241,0.0,0.0,3.4927154,11.681159,12.12649,10.765277777777778,5.8125,11.156310778593388,9.982042788927966,6.024368686868687,13.197222222222225,5.190277777777777,6.320416666666667,14.39936046511628,4.058750000000001,10.268118
2025-01-14,30.110579,0.0,0.0,3.2384107,11.224882,10.686159,13.120833333333332,7.052321428571429,11.95273935002196,10.232578503213679,10.765277777777778,7.966666666666666,12.194444444444445,5.8125,8.256882183908047,8.803769379844962,11.529812
2025-01-15,29.243359,0.0,0.0,3.4615896,7.118151,10.955166,25.501388888888886,13.066931818181818,12.08508061986323,9.982371653031747,13.120833333333332,6.024368686868687,13.50024154589372,7.052321428571429,6.320416666666667,11.5956169250646,11.423931333333334
2025-01-16,42.54011,0.0,0.0,3.4201987,12.551981,11.715894,21.668055555555554,9.897276422764229,13.79953024029111,10.192559494905636,25.501388888888886,10.765277777777778,20.0209541062802,13.066931818181818,5.8125,16.439503901895208,10.008064
2025-01-17,53.284683,0.08940397,0.16556291,3.163245,12.595947,11.404239,19.751388888888886,10.15375,14.034830447330448,9.257955569315495,21.668055555555554,13.120833333333332,13.197222222222225,9.897276422764229,7.052321428571429,14.39936046511628,10.298338
2025-01-18,44.15952,0.020529803,0.046357617,2.768543,16.193014,7.5445695,2.975,3.1733333333333333,14.971139971139971,8.651439788584598,19.751388888888886,25.501388888888886,7.966666666666666,10.15375,13.066931818181818,8.256882183908047,10.755359666666665
2025-01-19,23.312897,0.0,0.0,3.1165564,15.879569,11.673046,2.4952020202020204,2.2325,14.258044733044732,7.925218524216782,2.975,21.668055555555554,6.024368686868687,3.1733333333333333,9.897276422764229,6.320416666666667,13.780313999999999
2025-01-20,18.95773,0.0,0.0,3.2582781,9.592108,12.630795,9.205555555555556,5.38375,13.753878066378066,7.341230428978688,2.4952020202020204,19.751388888888886,10.765277777777778,2.2325,10.15375,5.8125,14.88951
2025-01-21,13.210843,0.0,0.0,3.102649,11.291087,13.062252,7.949621212121212,5.294880952380952,13.531060606060606,7.279980428978687,9.205555555555556,2.975,13.120833333333332,5.38375,3.1733333333333333,7.052321428571429,13.88823033333333
2025-01-22,33.940643,0.0,0.0,2.9592717,11.394513,11.02298,11.597886473429952,7.395060865360357,12.792316017316015,7.028917503808619,7.949621212121212,2.4952020202020204,25.501388888888886,5.294880952380952,2.2325,13.066931818181818,12.254254666666666
2025-01-23,31.798525,0.011258278,0.105960265,3.175828,13.404269,11.028742,8.075000000000001,7.370113636363636,10.806101386536168,6.218650224834126,11.597886473429952,9.205555555555556,21.668055555555554,7.395060865360357,5.38375,9.897276422764229,10.759236
2025-01-24,31.253757,0.0,0.0,3.4569535,9.323306,12.660795,13.540277777777776,8.149166666666666,8.864236307171089,5.8576269696340395,8.075000000000001,7.949621212121212,19.751388888888886,7.370113636363636,5.294880952380952,10.15375,12.029956333333331
2025-01-25,47.977665,0.0,0.0,3.2748344,9.705494,12.375496,17.380555555555556,11.83375,7.976934719869503,5.5712579220149925,13.540277777777776,11.597886473429952,2.975,8.149166666666666,7.395060865360357,3.1733333333333333,11.374029333333333
2025-01-26,35.45455,0.0,0.0,3.2546358,7.158958,11.393112,11.30290404040404,6.5129166666666665,10.034871227806011,6.808460302967374,17.380555555555556,8.075000000000001,2.4952020202020204,11.83375,7.370113636363636,2.2325,10.811022999999999
2025-01-27,43.91813,0.0,0.0,3.4447021,11.037024,13.242384,11.925000000000002,6.832916666666667,11.293114373549155,7.419948398205468,11.30290404040404,13.540277777777776,9.205555555555556,6.5129166666666665,8.149166666666666,5.38375,8.729252666666666
2025-01-28,53.302567,0.0,0.0,3.4698677,12.316722,13.029405,9.46527777777778,5.931190476190476,11.681606437041221,7.6269722077292785,11.925000000000002,17.380555555555556,7.949621212121212,6.832916666666667,11.83375,5.294880952380952,9.300491999999998
2025-01-29,54.90945,0.0,0.0,3.552649,10.056171,13.24649,18.01388888888889,8.765416666666665,11.898128803563585,7.717873568273496,9.46527777777778,11.30290404040404,11.597886473429952,5.931190476190476,6.5129166666666665,7.395060865360357,10.170901333333331
2025-01-30,47.540775,5.9086094,6.854305,1.2533113,11.847022,5.2349668,18.419444444444444,11.13503672745694,12.814700577200577,7.913638682745826,18.01388888888889,11.925000000000002,8.075000000000001,8.765416666666665,6.832916666666667,7.370113636363636,11.136639
2025-01-31,51.733227,1.5337749,2.3443708,3.3506622,12.420212,4.994503,9.440277777777778,5.119166666666667,14.292478354978355,8.451484838616297,18.419444444444444,9.46527777777778,13.540277777777776,11.13503672745694,5.931190476190476,8.149166666666666,11.406638333333333
2025-02-01,47.549717,0.00066225167,0.0066225166,3.7013247,13.524061,12.611457,9.855555555555556,9.1275,13.70676406926407,8.018627695759154,9.440277777777778,18.01388888888889,17.380555555555556,5.119166666666667,8.765416666666665,11.83375,11.441134999999997
2025-02-02,60.841705,0.0,0.0,3.5503309,8.778209,12.672384,11.298737373737374,7.69375,12.63176406926407,7.632020552902012,9.855555555555556,18.419444444444444,11.30290404040404,9.1275,11.13503672745694,6.5129166666666665,12.597098333333333
2025-02-03,72.393295,0.0,0.0,3.8453643,13.436989,13.137087,13.618055555555555,11.625416666666666,12.631168831168834,7.800711029092488,11.298737373737374,9.440277777777778,11.925000000000002,7.69375,5.119166666666667,6.832916666666667,11.574160666666666
2025-02-04,45.874287,0.0,0.0,3.5039732,13.756668,11.786225,5.331944444444445,5.103638888888889,12.873033910533909,8.485353886235345,13.618055555555555,9.855555555555556,9.46527777777778,11.625416666666666,9.1275,5.931190476190476,11.913086333333332
2025-02-05,37.7719,2.7430465,3.7748344,0.29801324,9.467524,1.4555628,11.41638888888889,7.658825757575758,12.28255772005772,8.367132230906545,5.331944444444445,11.298737373737374,18.01388888888889,5.103638888888889,7.69375,8.765416666666665,11.990622
2025-02-06,41.932762,0.36887416,0.78807944,3.9927154,11.9783,5.7044373,7.919444444444444,6.547499999999999,11.34005772005772,8.209047815322132,11.41638888888889,13.618055555555555,18.419444444444444,7.658825757575758,11.625416666666666,11.13503672745694,12.220393666666666
2025-02-07,37.07813,0.0026490067,0.0066225166,1.1298013,8.407055,9.18808,13.533333333333331,7.6690691489361695,9.84005772005772,7.553685425685425,7.919444444444444,5.331944444444445,9.440277777777778,6.547499999999999,5.103638888888889,5.119166666666667,11.734163999999998
2025-02-08,39.47594,5.7483444,4.92053,2.439404,11.690957,2.047947,8.183333333333332,7.484999999999999,10.424779942279942,7.917957208866783,13.533333333333331,11.41638888888889,9.855555555555556,7.6690691489361695,7.658825757575758,9.1275,9.950959666666666
2025-02-09,32.28548,0.0,0.0,3.5377483,9.512235,6.999537,6.161868686868687,7.461666666666668,10.185891053391051,7.683314351723927,8.183333333333332,7.919444444444444,11.298737373737374,7.484999999999999,6.547499999999999,7.69375,10.692103999999999
2025-02-10,37.37316,0.0,0.0,3.2738411,8.231506,13.194702,13.75,7.367083333333333,9.45205266955267,7.650159589819164,6.161868686868687,13.533333333333331,13.618055555555555,7.461666666666668,7.6690691489361695,11.625416666666666,9.87008233333333
2025-02-11,35.09932,0.0052980133,0.013245033,1.7599338,9.58468,2.8762915,10.755555555555556,7.909166666666667,9.470901875901875,7.041826256485831,13.75,8.183333333333332,5.331944444444445,7.367083333333333,7.484999999999999,5.103638888888889,9.811566
2025-02-12,32.938126,4.4456954,6.2649007,1.8615894,12.513728,3.5727813,8.052777777777777,14.385416666666666,10.245703463203464,7.442615939025514,10.755555555555556,6.161868686868687,11.41638888888889,7.909166666666667,7.461666666666668,7.658825757575758,9.109473666666666
2025-02-13,26.149387,0.0,0.0,4.4778147,14.356997,15.392981,9.605555555555556,7.890416666666667,9.76518759018759,8.403557497467071,8.052777777777777,13.75,7.919444444444444,14.385416666666666,7.367083333333333,6.547499999999999,10.109971333333332
2025-02-14,33.408394,0.10529802,0.23841059,3.8344371,14.359585,11.03947,16.32361111111111,9.7475,10.006060606060606,8.59540273556231,9.605555555555556,10.755555555555556,13.533333333333331,7.890416666666667,7.909166666666667,7.6690691489361695,12.151801666666666
2025-02-15,40.430183,9.298014,8.079471,0.7291391,14.066951,1.5838411,11.8375,8.708333333333332,10.404671717171718,8.89232142857143,16.32361111111111,8.052777777777777,8.183333333333332,9.7475,14.385416666666666,7.484999999999999,13.743436666666666
2025-02-16,30.441374,0.6655629,1.6158941,2.933775,16.3417,14.330397,3.45669191919192,7.631666666666666,10.926695526695527,9.067083333333333,11.8375,9.605555555555556,6.161868686868687,8.708333333333332,7.890416666666667,7.461666666666668,14.261177666666663
2025-02-17,21.617798,0.08145695,0.23841059,3.6940396,8.804278,12.391127,5.106944444444444,3.728333333333333,10.540241702741701,9.091369047619049,3.45669191919192,16.32361111111111,13.75,7.631666666666666,9.7475,7.367083333333333,14.922745333333332
2025-02-18,19.27422,3.8748348,9.430464,3.4533114,12.205624,11.811457,4.926388888888889,4.660833333333334,9.30551948051948,8.57154761904762,5.106944444444444,11.8375,10.755555555555556,3.728333333333333,8.708333333333332,7.909166666666667,13.070976333333332
2025-02-19,16.645744,1.1556292,2.8145695,4.4043045,12.353359,14.901193,4.798232323232323,4.8992829153605015,8.472781385281385,8.1075,4.926388888888889,3.45669191919192,8.052777777777777,4.660833333333334,7.631666666666666,14.385416666666666,12.450534
2025-02-20,17.566605,0.0,0.0,4.8725166,10.232944,17.004967,7.9875,6.014312015503876,8.00784632034632,6.752338035527691,4.798232323232323,5.106944444444444,9.605555555555556,4.8992829153605015,3.728333333333333,7.890416666666667,11.121086999999998
2025-02-21,27.981571,0.0,0.0,5.0205297,4.965169,16.864504,19.025,13.085,7.776695526695526,6.484323085361578,7.9875,4.926388888888889,16.32361111111111,6.014312015503876,4.660833333333334,9.7475,11.597308999999997
2025-02-22,38.642696,0.0,0.0,4.9225163,8.558726,16.089933,17.368055555555554,11.837916666666668,8.162608225108226,6.961108799647292,19.025,4.798232323232323,11.8375,13.085,4.8992829153605015,8.708333333333332,9.183824
2025-02-23,56.533623,0.0,0.0,4.8188744,9.270943,16.918344,14.816666666666668,9.485833333333334,8.95268759018759,7.408192132980625,17.368055555555554,7.9875,3.45669191919192,11.837916666666668,6.014312015503876,7.631666666666666,7.918946333333333
2025-02-24,65.211174,0.0,0.0,3.9268212,10.193855,15.839404,18.561111111111117,11.39375,10.575541125541124,7.673073085361578,14.816666666666668,19.025,5.106944444444444,9.485833333333334,13.085,3.728333333333333,7.598279333333333
2025-02-25,63.065483,0.0,0.0,4.7450333,10.20818,17.351192,15.211111111111109,8.76,12.497564935064938,8.768132609171102,18.561111111111117,17.368055555555554,4.926388888888889,11.39375,11.837916666666668,4.660833333333334,9.341174666666666
2025-02-26,66.75071,0.0,0.0,3.8394039,13.400633,13.083047,11.327777777777778,7.372857142857143,13.966810966810966,9.35372784726634,15.211111111111109,14.816666666666668,4.798232323232323,8.76,9.485833333333334,4.8992829153605015,9.890992666666667
2025-02-27,60.349983,0.0,0.0,4.80596,18.461437,17.886292,8.401388888888889,5.997083333333333,14.899603174603174,9.707095594051575,11.327777777777778,18.561111111111117,7.9875,7.372857142857143,11.39375,6.014312015503876,11.267555999999999
2025-02-28,73.478065,0.0,0.0,4.986755,18.378038,17.852251,10.252777777777778,4.6466666666666665,14.958730158730159,9.704634353741497,8.401388888888889,15.211111111111109,19.025,5.997083333333333,8.76,13.085,14.023416666666664
2025-03-01,51.564552,0.0,0.0,4.9082785,13.960029,18.43159,3.769444444444445,3.794583333333333,13.705555555555557,8.499158163265307,10.252777777777778,11.327777777777778,17.368055555555554,4.6466666666666665,7.372857142857143,11.837916666666668,16.746702666666664
2025-03-02,47.674286,0.0,0.0,5.044702,7.428112,18.461987,13.088888888888889,7.4125,11.762896825396826,7.350110544217687,3.769444444444445,8.401388888888889,14.816666666666668,3.794583333333333,5.997083333333333,9.485833333333334,16.933168
2025-03-03,65.0133,0.0,0.0,5.1880794,14.503659,17.372318,10.41111111111111,8.642916666666666,11.516071428571431,7.053920068027211,13.088888888888889,10.252777777777778,18.561111111111117,7.4125,4.6466666666666665,11.39375,13.255392999999998
2025-03-04,60.6927,11.512583,4.629139,2.4245033,19.526464,6.0024505,7.311111111111111,10.800833333333332,10.351785714285713,6.66094387755102,10.41111111111111,3.769444444444445,15.211111111111109,8.642916666666666,3.794583333333333,8.76,11.963933333333332
2025-03-05,50.16091,2.423841,3.960265,3.8672187,24.759167,6.7805295,3.48780193236715,2.9358434343434343,9.223214285714286,6.95249149659864,7.311111111111111,13.088888888888889,11.327777777777778,10.800833333333332,7.4125,7.372857142857143,13.819411666666667
2025-03-06,48.41515,0.0,0.0,5.406954,17.006004,19.100729,11.706944444444446,5.31625,8.10321773636991,6.318632395382395,3.48780193236715,10.41111111111111,8.401388888888889,2.9358434343434343,8.642916666666666,5.997083333333333,19.59643
2025-03-07,69.67124,0.0,0.0,5.4927154,17.488237,15.979669,9.7875,5.778333333333333,8.575439958592133,6.221370490620489,11.706944444444446,7.311111111111111,10.252777777777778,5.31625,10.800833333333332,4.6466666666666665,20.430545
2025-03-08,53.161903,0.0,0.0,5.150331,12.877504,19.905298,10.03472222222222,7.895,8.508971704623878,6.3830371572871565,9.7875,3.48780193236715,3.769444444444445,5.778333333333333,2.9358434343434343,3.794583333333333,19.751136
2025-03-09,63.286606,0.0,0.0,5.4281454,6.270954,20.195297,18.37310606060606,12.755416666666664,9.40401138716356,6.968810966810966,10.03472222222222,11.706944444444446,13.088888888888889,7.895,5.31625,7.4125,15.790581666666668
2025-03-10,73.602036,0.0,0.0,5.552318,10.677097,19.944107,16.580555555555552,11.125,10.158899554551727,7.732084776334775,18.37310606060606,9.7875,10.41111111111111,12.755416666666664,5.778333333333333,8.642916666666666,12.212231666666666
2025-03-11,78.481705,0.0,0.0,5.639073,10.296527,19.801456,15.158333333333331,14.579333333333333,11.040248760900933,8.086668109668109,16.580555555555552,10.03472222222222,7.311111111111111,11.125,7.895,10.800833333333332,9.941851666666665
2025-03-12,78.526405,0.0,0.0,5.6496687,8.074667,19.399006,16.204166666666666,15.427023809523808,12.16128050693268,8.626453823953824,15.158333333333331,18.37310606060606,3.48780193236715,14.579333333333333,12.755416666666664,2.9358434343434343,9.081525999999998
2025-03-13,79.47289,0.0,0.0,5.8556294,10.471916,19.102848,18.06805555555556,20.8,13.977904040404038,10.410908163265304,16.204166666666666,16.580555555555552,11.706944444444446,15.427023809523808,11.125,5.31625,9.682763666666665
2025-03-14,82.495346,25.739073,1.6887417,5.4678807,26.226027,18.598345,6.1819444444444445,19.18208333333333,14.886634199134196,12.622872448979592,18.06805555555556,15.158333333333331,9.7875,20.8,14.579333333333333,5.778333333333333,9.61437
2025-03-15,63.64839,2.1364238,1.3112583,3.6029801,15.927225,13.659736,4.4944444444444445,52.45916666666667,14.371554834054834,14.53769387755102,6.1819444444444445,16.204166666666666,10.03472222222222,19.18208333333333,15.427023809523808,7.895,14.924203333333333
2025-03-16,46.731373,0.20198676,0.47019866,5.2215233,16.99201,16.739073,5.258712121212121,3.443333333333334,13.580086580086581,20.904003401360544,4.4944444444444445,18.06805555555556,18.37310606060606,52.45916666666667,20.8,12.755416666666664,17.54172266666667
2025-03-17,67.30084,0.0,0.0,5.8910594,16.450434,21.146225,17.891666666666666,9.82125,11.706601731601731,19.573705782312924,5.258712121212121,6.1819444444444445,16.580555555555552,3.443333333333334,19.18208333333333,11.125,19.715087333333333
2025-03-18,80.91885,0.0,0.0,5.545364,18.678398,20.285828,8.158333333333333,7.639270833333334,11.893903318903321,19.387455782312923,17.891666666666666,4.4944444444444445,15.158333333333331,9.82125,52.45916666666667,14.579333333333333,16.456556333333335
2025-03-19,75.464615,0.103311256,0.07284768,5.9933777,28.289843,17.881987,4.246746031746032,6.021618091211114,10.893903318903321,18.396018282312923,8.158333333333333,5.258712121212121,16.204166666666666,7.639270833333334,3.443333333333334,15.427023809523808,17.373614
2025-03-20,50.026802,0.00794702,0.01986755,5.878477,20.235712,22.575762,5.745410628019324,3.313371212121212,9.185700371057516,17.052388893982542,4.246746031746032,17.891666666666666,18.06805555555556,6.021618091211114,9.82125,20.8,21.139558333333333
2025-03-21,66.40859,0.0,0.0,4.3930464,19.524399,21.260729,9.46388888888889,8.690000000000001,7.425322524266624,14.554299067142713,5.745410628019324,8.158333333333333,6.1819444444444445,3.313371212121212,7.639270833333334,19.18208333333333,22.401317666666667
2025-03-22,61.85197,0.0,0.0,6.031457,12.31698,22.052782,5.097222222222222,4.352916666666667,7.89417173061583,13.055430019523666,9.46388888888889,4.246746031746032,4.4944444444444445,8.690000000000001,6.021618091211114,52.45916666666667,22.683318
2025-03-23,60.482895,18.084768,8.370861,4.2519865,19.00062,12.587087,5.64330808080808,4.463333333333333,7.980282841726941,6.183108590952237,5.097222222222222,5.745410628019324,5.258712121212121,4.352916666666667,3.313371212121212,3.443333333333334,17.35903033333333
2025-03-24,59.15078,0.0,0.0,5.8801327,11.405254,21.442717,7.780555555555555,4.0075,8.035225121669221,6.328822876666523,5.64330808080808,9.46388888888889,17.891666666666666,4.463333333333333,8.690000000000001,9.82125,16.947333
2025-03-25,63.12806,0.0,0.0,6.073179,13.95499,22.244835,10.604166666666666,6.949583333333334,6.590780677224777,5.49828716238081,7.780555555555555,5.097222222222222,8.158333333333333,4.0075,4.352916666666667,7.639270833333334,14.240951333333333
2025-03-26,63.112564,0.0,0.0,6.2016554,10.128962,22.916225,15.427777777777775,9.372613636363637,6.940185439129539,5.399760376666523,10.604166666666666,5.64330808080808,4.246746031746032,6.949583333333334,4.463333333333333,6.021618091211114,14.786954666666666
2025-03-27,61.85078,0.6006623,0.69536424,5.084437,12.860756,14.796225,18.21527777777778,12.79,8.537475688562646,5.878474025974027,15.427777777777775,7.780555555555555,5.745410628019324,9.372613636363637,4.0075,3.313371212121212,11.829735333333332
2025-03-28,80.03495,0.13774835,0.21854305,6.35298,22.9962,21.15,7.658333333333334,7.067083333333334,10.318885281385281,7.232278138528138,18.21527777777778,10.604166666666666,9.46388888888889,12.79,6.949583333333334,8.690000000000001,12.314902666666667
2025-03-29,67.32707,1.2675498,1.2913908,3.318212,12.599634,5.7091393,7.419444444444445,8.1125,10.060948773448773,7.000432900432901,7.658333333333334,15.427777777777775,5.097222222222222,7.067083333333334,9.372613636363637,4.352916666666667,15.328639333333333
2025-03-30,74.70468,0.7205298,0.5629139,5.973179,18.581865,15.583047,3.426767676767677,3.893972222222222,10.392694805194806,7.537516233766234,7.419444444444445,18.21527777777778,5.64330808080808,8.1125,12.79,4.463333333333333,16.152196666666665
2025-03-31,53.69952,0.0,0.0,5.777152,14.394819,17.3251,4.922222222222223,3.5393611111111114,10.076046176046175,7.456178932178932,3.426767676767677,7.658333333333334,7.780555555555555,3.893972222222222,7.067083333333334,4.0075,18.059233000000003
2025-04-01,59.4172,0.0,0.0,5.9033113,16.95446,22.598543,14.43888888888889,8.513977272727272,9.667712842712843,7.389301948051949,4.922222222222223,7.419444444444445,10.604166666666666,3.5393611111111114,8.1125,6.949583333333334,15.192106
2025-04-02,77.77482,10.610596,2.0,5.2125826,22.557007,8.667682,5.570436507936509,7.575229384436701,10.215530303030304,7.612786796536796,14.43888888888889,3.426767676767677,15.427777777777775,8.513977272727272,3.893972222222222,9.372613636363637,16.643714666666668
2025-04-03,61.307796,2.9728477,4.602649,2.9605958,10.227082,10.020397,13.7,6.841730650632131,8.80733869305298,7.3560176176900915,5.570436507936509,4.922222222222223,18.21527777777778,7.575229384436701,3.5393611111111114,12.79,17.968762
2025-04-04,51.7678,58.6298,9.536424,2.1291392,14.076732,5.802649,9.304166666666667,4.911060606060606,8.162299010513296,6.506264853494682,13.7,14.43888888888889,7.658333333333334,6.841730650632131,8.513977272727272,7.067083333333334,16.579516333333334
2025-04-05,47.98422,14.069536,9.688742,1.3450332,14.388762,5.216755,3.945833333333333,5.13,8.397418058132345,6.1982616067414344,9.304166666666667,5.570436507936509,7.419444444444445,4.911060606060606,7.575229384436701,8.1125,15.620273666666668
2025-04-06,49.53091,0.30397353,0.7350993,4.215563,11.291077,15.598874,7.067613636363635,4.504444444444444,7.901187899402184,5.772190178170006,3.945833333333333,13.7,3.426767676767677,5.13,6.841730650632131,3.893972222222222,12.897525333333334
2025-04-07,60.168194,0.0,0.0,6.559934,15.155518,24.997482,7.218910256410257,7.24,8.421308750773036,5.859400495630324,7.067613636363635,9.304166666666667,4.922222222222223,4.504444444444444,4.911060606060606,3.5393611111111114,13.252190333333333
2025-04-08,51.448326,0.0,0.0,6.7059603,7.3459253,25.360994,12.14351851851852,6.1975,8.749407041371326,6.388063194043022,7.218910256410257,3.945833333333333,14.43888888888889,7.24,5.13,8.513977272727272,13.611785666666668
2025-04-09,70.798325,0.1768212,0.17218544,5.733113,17.015093,18.952517,13.68611111111111,8.244345238095239,8.421496988461273,6.057137869367698,12.14351851851852,7.067613636363635,5.570436507936509,6.1975,4.504444444444444,7.575229384436701,11.264173433333333
2025-04-10,67.78839,0.8390728,0.62913907,6.430464,19.071167,19.264769,11.927113526570048,10.132916666666668,9.580879074629076,6.152725848461775,13.68611111111111,7.218910256410257,13.7,8.244345238095239,7.24,6.841730650632131,13.172178766666667
2025-04-11,52.76674,0.0,0.0,5.8407288,10.163551,13.218211,6.740277777777777,10.074583333333331,9.327609578424795,6.622895279323851,11.927113526570048,12.14351851851852,9.304166666666667,10.132916666666668,6.1975,4.911060606060606,14.4773951
2025-04-12,64.04773,0.0,0.0,6.9291387,10.03411,25.4551,13.1,13.221666666666668,8.961339737154955,7.360541383219955,6.740277777777777,13.68611111111111,3.945833333333333,10.074583333333331,8.244345238095239,5.13,15.416603666666667
2025-04-13,82.502495,0.0,0.0,7.0456953,18.18547,24.225166,6.095959595959596,8.870000000000001,10.26907783239305,8.516493764172337,13.1,11.927113526570048,7.067613636363635,13.221666666666668,10.132916666666668,4.504444444444444,13.089609333333334
2025-04-14,70.539055,0.0,0.0,6.383444,14.668427,22.335297,4.858333333333333,6.245027777777778,10.13027011233533,9.14014455782313,6.095959595959596,6.740277777777777,7.218910256410257,8.870000000000001,10.074583333333331,7.24,12.794376999999999
2025-04-15,61.977734,0.0,0.0,6.9039736,17.793537,26.758741,4.448214285714286,4.712222222222223,9.793044837610056,8.99800566893424,4.858333333333333,13.1,12.14351851851852,6.245027777777778,13.221666666666668,6.1975,14.296002333333334
2025-04-16,72.73303,0.0,0.0,7.047683,11.754342,26.059801,11.818055555555556,9.048750000000002,8.693715661495165,8.785823129251702,4.448214285714286,6.095959595959596,13.68611111111111,4.712222222222223,8.870000000000001,8.244345238095239,16.882478000000003
2025-04-17,79.09502,5.150331,1.5430464,7.1821194,19.070827,18.673841,7.445833333333333,10.789251893939394,8.426850582130086,8.900738095238095,11.818055555555556,4.858333333333333,11.927113526570048,9.048750000000002,6.245027777777778,10.132916666666668,14.738768666666667
2025-04-18,79.10992,1.4264901,0.27152318,4.8271523,15.193829,12.435298,7.702083333333332,11.838541666666666,7.786667697381982,8.99450027056277,7.445833333333333,4.448214285714286,6.740277777777777,10.789251893939394,4.712222222222223,10.074583333333331,16.206235333333336
2025-04-19,70.36859,54.49934,11.834437,1.8307948,11.91615,6.9452314,6.608333333333334,10.317708333333334,7.924068491032776,9.246494318181819,7.702083333333332,11.818055555555556,13.1,11.838541666666666,9.048750000000002,13.221666666666668,15.339666000000001
2025-04-20,75.6774,12.574835,5.3178806,3.995695,17.608255,15.483046,4.44978354978355,9.346875,6.996687538651825,8.831643127705629,6.608333333333334,7.445833333333333,6.095959595959596,10.317708333333334,10.789251893939394,8.870000000000001,15.393602000000001
2025-04-21,68.4017,0.0,0.0,7.1986756,13.771922,20.558014,8.489583333333334,4.825,6.761519532055247,8.899768127705629,4.44978354978355,7.702083333333332,4.858333333333333,9.346875,11.838541666666666,6.245027777777778,14.906077999999999
2025-04-22,78.42627,0.0,0.0,7.010927,11.072345,26.610529,13.879166666666666,8.91875,7.2802695320552475,8.696907016594517,8.489583333333334,6.608333333333334,4.448214285714286,4.825,10.317708333333334,4.712222222222223,14.432108999999999
2025-04-23,78.04303,0.0,0.0,6.8447022,8.042827,26.68298,13.704166666666666,10.317430555555555,8.627548443619872,9.297839556277056,13.879166666666666,4.44978354978355,11.818055555555556,8.91875,9.346875,9.048750000000002,14.150840666666667
2025-04-24,81.306274,0.24370861,0.03311258,6.9801326,10.501879,24.71192,11.495138888888889,12.3453125,8.896992888064316,9.479079635642137,13.704166666666666,8.489583333333334,7.445833333333333,10.317430555555555,4.825,10.789251893939394,10.962364666666668
2025-04-25,77.63952,6.4880795,2.3774834,7.037748,12.902516,16.837217,6.072916666666666,7.462500000000001,9.475465110286539,9.701374007936508,11.495138888888889,13.879166666666666,7.702083333333332,12.3453125,8.91875,11.838541666666666,9.872350333333335
2025-04-26,63.685345,0.0,0.0,6.926159,10.5992565,18.441854,4.727083333333333,4.6234375,9.242727015048445,9.076225198412699,6.072916666666666,13.704166666666666,6.608333333333334,7.462500000000001,10.317430555555555,10.317708333333334,10.482407333333335
2025-04-27,61.175476,1.7615894,3.2649007,2.036424,10.01878,12.564504,6.4,4.792708333333334,8.973977015048444,8.262757936507937,4.727083333333333,11.495138888888889,4.44978354978355,4.6234375,12.3453125,9.346875,11.3345505
2025-04-28,85.65309,0.0,0.0,7.4089403,18.467344,23.647085,6.179166666666666,8.386458333333334,9.252579365079365,7.612162698412698,6.4,6.072916666666666,8.489583333333334,4.792708333333334,7.462500000000001,4.825,11.173517499999997
2025-04-29,76.22098,12.001987,2.6688743,4.537086,16.202383,13.163974,6.36875,6.272276958413927,8.92251984126984,8.12094246031746,6.179166666666666,4.727083333333333,13.879166666666666,8.386458333333334,4.6234375,8.91875,13.028460166666667
2025-04-30,74.29521,27.984106,4.4172187,6.09404,11.335807,15.860065,13.950694444444444,8.137247023809524,7.849603174603175,7.742874882948022,6.36875,6.4,13.704166666666666,6.272276958413927,4.792708333333334,10.317430555555555,14.896169
2025-05-01,73.882164,13.854304,0.9933775,6.915231,13.081917,17.267881,7.378731884057971,5.55425,7.884821428571428,7.4314200926985885,13.950694444444444,6.179166666666666,11.495138888888889,8.137247023809524,8.386458333333334,12.3453125,15.335178
2025-05-02,64.995415,0.088079475,0.09933775,4.2933774,8.918671,16.987286,6.659722222222221,5.360833333333334,7.296763285024155,6.461268306984302,7.378731884057971,6.36875,6.072916666666666,5.55425,6.272276958413927,7.462500000000001,13.540035666666668
2025-05-03,55.98528,10.2364235,7.192053,5.8410597,12.002879,10.802848,3.284722222222222,5.161666666666667,7.38059265010352,6.1610302117462075,6.659722222222221,13.950694444444444,4.727083333333333,5.360833333333334,8.137247023809524,4.6234375,11.112131666666668
2025-05-04,60.892365,0.0,0.0,5.7559605,9.9565935,22.24788,3.318867243867244,2.615833333333333,7.174541062801933,6.237920092698587,3.284722222222222,7.378731884057971,6.4,5.161666666666667,5.55425,4.792708333333334,11.334489
2025-05-05,58.689453,0.0,0.0,5.593046,7.1341515,11.330729,7.547222222222222,5.385416666666667,6.734379240497254,5.926937949841445,3.318867243867244,6.659722222222221,6.179166666666666,2.615833333333333,5.360833333333334,8.386458333333334,10.2927145
2025-05-06,71.28468,0.0,0.0,7.4688735,5.63968,27.273046,14.138888888888888,9.804821428571428,6.929815748433761,5.498217711746207,7.547222222222222,3.284722222222222,6.36875,5.385416666666667,5.161666666666667,6.272276958413927,9.697874666666666
2025-05-07,73.49595,0.65562916,0.6423841,6.932451,12.710222,22.515165,14.378333333333336,8.443333333333333,8.039835589703602,6.002866921768708,14.138888888888888,3.318867243867244,13.950694444444444,9.804821428571428,2.615833333333333,8.137247023809524,7.576808333333332
2025-05-08,69.65992,5.3536425,2.2715232,7.2483444,9.62695,19.007881,8.338888888888889,7.130833333333333,8.100926859544872,6.0465935374149655,14.378333333333336,7.547222222222222,7.378731884057971,8.443333333333333,5.385416666666667,5.55425,8.4946845
2025-05-09,71.2519,0.0,0.0,7.501987,9.387873,28.428875,7.722222222222222,6.60625,8.238092145949288,6.271819727891157,8.338888888888889,14.138888888888888,6.659722222222221,7.130833333333333,9.804821428571428,5.360833333333334,9.325617333333334
2025-05-10,76.76634,0.0,0.0,7.198344,7.4751015,29.300396,14.722222222222223,11.902916666666666,8.389877860235002,6.449736394557823,7.722222222222222,14.378333333333336,3.284722222222222,6.60625,8.443333333333333,5.161666666666667,10.575015
2025-05-11,79.286934,0.0,0.0,7.1049666,9.324837,28.425827,8.365404040404039,7.1,10.023806431663575,7.412772108843538,14.722222222222223,8.338888888888889,3.318867243867244,11.902916666666666,7.130833333333333,2.615833333333333,8.829974833333333
2025-05-12,70.32508,14.519868,3.8476822,6.2774835,7.148026,11.7003975,11.454166666666666,8.249583333333334,10.744740259740258,8.053367346938776,8.365404040404039,7.722222222222222,7.547222222222222,7.1,6.60625,5.385416666666667,8.7292705
2025-05-13,77.89283,1.7456954,0.37086093,7.5437083,5.644038,18.49371,11.977777777777776,8.180833333333334,11.30287518037518,8.462534013605442,11.454166666666666,14.722222222222223,14.138888888888888,8.249583333333334,11.902916666666666,9.804821428571428,7.982654833333332
2025-05-14,82.09601,0.35629138,0.2781457,7.6023183,12.605921,21.122715,10.24280303030303,9.850833333333334,10.994145021645023,8.230535714285715,11.977777777777776,8.365404040404039,14.378333333333336,8.180833333333334,7.1,8.443333333333333,7.372300333333333
2025-05-15,85.87065,0.095364235,0.01986755,7.3612585,14.655461,25.57967,6.766666666666667,13.062916666666666,10.403354978354978,8.431607142857143,10.24280303030303,11.454166666666666,8.338888888888889,9.850833333333334,8.249583333333334,7.130833333333333,8.465995
2025-05-16,84.60468,10.907285,0.80794704,7.7,16.920122,25.934305,8.889285714285714,9.70077503052503,10.178751803751805,9.279047619047619,6.766666666666667,11.977777777777776,7.722222222222222,13.062916666666666,8.180833333333334,6.60625,10.968473333333334
2025-05-17,74.10508,0.0,0.0,7.515232,14.7731495,29.321722,5.535416666666666,5.204166666666667,10.345475159760875,9.721122623408336,8.889285714285714,10.24280303030303,14.722222222222223,9.70077503052503,9.850833333333334,11.902916666666666,14.727168
2025-05-18,78.072235,0.020529801,0.046357617,7.677152,7.2961464,28.742914,7.927669552669553,5.9484375,9.03307436611008,8.764158337694052,5.535416666666666,6.766666666666667,8.365404040404039,5.204166666666667,13.062916666666666,7.1,15.449577499999998
2025-05-19,81.7825,9.009933,2.9801323,7.2082777,14.116536,20.730862,7.972222222222222,8.2140625,8.970540867862296,8.599649409122623,7.927669552669553,8.889285714285714,11.454166666666666,5.9484375,9.70077503052503,8.249583333333334,12.996472633333333
2025-05-20,79.70714,10.553642,2.0066226,7.6420527,14.904511,22.604305,5.901388888888889,5.541666666666667,8.473120232941662,8.594575004360719,7.972222222222222,5.535416666666666,11.977777777777776,8.2140625,5.204166666666667,8.180833333333334,12.061943966666666
2025-05-21,72.98336,0.0,0.0,7.684437,16.880491,30.127813,3.723611111111112,3.195809108527132,7.605064677386106,8.21755119483691,5.901388888888889,7.927669552669553,10.24280303030303,5.541666666666667,5.9484375,9.850833333333334,12.10573113333333
2025-05-22,70.05806,0.0,0.0,7.596358,15.857134,29.544703,3.648611111111111,2.931805555555556,6.6737515460729755,7.2668334484360235,3.723611111111112,7.972222222222222,6.766666666666667,3.195809108527132,8.2140625,13.062916666666666,15.300512666666668
2025-05-23,71.70369,0.0,0.0,7.740066,5.2484846,29.579273,8.723611111111111,5.797916666666668,6.228315038136467,5.819531861134436,3.648611111111111,5.901388888888889,8.889285714285714,2.931805555555556,5.541666666666667,9.70077503052503,15.880712
2025-05-24,73.25634,0.0052980133,0.013245033,6.9701986,10.336594,23.79947,10.161111111111111,8.820416666666667,6.204647237682953,5.261980666297527,8.723611111111111,3.723611111111112,5.535416666666666,5.797916666666668,3.195809108527132,5.204166666666667,12.662036533333334
2025-05-25,62.664948,0.48211923,0.9072848,1.7033113,10.508953,8.722781,7.201767676767677,7.109583333333333,6.865460729746444,5.77858780915467,10.161111111111111,3.648611111111111,7.927669552669553,8.820416666666667,2.931805555555556,5.9484375,10.480737533333334
2025-05-26,69.92932,0.0,0.0,5.4807944,11.981165,24.953775,4.451388888888888,3.847083333333333,6.761760461760462,5.944465785345146,7.201767676767677,8.723611111111111,7.972222222222222,7.109583333333333,5.797916666666668,8.2140625,8.698010533333333
2025-05-27,73.13833,0.05165563,0.07284768,3.3384106,7.7003617,16.108742,5.541666666666667,6.285595238095239,6.258784271284271,5.320611618678479,4.451388888888888,10.161111111111111,5.901388888888889,3.847083333333333,8.820416666666667,5.541666666666667,10.942237333333333
2025-05-28,72.84806,0.018543046,0.046357617,7.1003313,9.02309,16.887749,6.785024154589372,6.304345183380825,6.207395382395382,5.426887128882561,5.541666666666667,7.201767676767677,3.723611111111112,6.285595238095239,7.109583333333333,3.195809108527132,10.063493233333334
2025-05-29,69.67601,7.1039734,5.6887417,4.47351,7.6926756,12.198808,13.939734299516909,12.159583333333334,6.644740102892277,5.870963711004518,6.785024154589372,4.451388888888888,3.648611111111111,6.304345183380825,3.847083333333333,2.931805555555556,9.568205566666668
2025-05-30,77.27714,2.097351,0.6423841,7.695695,14.4822445,29.273973,5.440277777777777,7.272083333333333,8.11490055837882,7.189217679258485,13.939734299516909,5.541666666666667,8.723611111111111,12.159583333333334,6.285595238095239,5.797916666666668,8.1387091
2025-05-31,81.951775,0.0,0.0,7.827483,12.0957775,27.923643,5.5375000000000005,9.059583333333332,7.6458529393312,7.399812917353723,5.440277777777777,6.785024154589372,10.161111111111111,7.272083333333333,6.304345183380825,8.820416666666667,10.399336700000001
2025-06-01,82.24144,0.0,0.0,7.837417,5.6629953,25.941061,8.009217171717172,8.850416666666666,6.985337066315327,7.43397958402039,5.5375000000000005,13.939734299516909,7.201767676767677,9.059583333333332,12.159583333333334,7.109583333333333,11.423565866666669
2025-06-02,85.6817,0.0,0.0,7.9,9.390503,26.700663,11.788888888888886,11.906666666666666,7.100686994165254,7.6826700602108655,8.009217171717172,5.440277777777777,4.451388888888888,8.850416666666666,7.272083333333333,3.847083333333333,10.747005766666668
2025-06-03,85.67336,0.3754967,0.410596,7.4857616,17.08953,24.525959,7.1819444444444445,14.070833333333333,8.14890127987954,8.834039107829913,11.788888888888886,5.5375000000000005,5.541666666666667,11.906666666666666,9.059583333333332,6.285595238095239,9.0497586
2025-06-04,78.6772,42.878147,7.9933777,6.4854302,12.374031,15.281789,10.744444444444444,9.50065476190476,8.383226676704938,9.946215978578213,7.1819444444444445,8.009217171717172,6.785024154589372,14.070833333333333,8.850416666666666,6.304345183380825,10.714342766666666
2025-06-05,70.78819,1.3900663,1.0,5.8986754,7.7753334,11.416093,6.820833333333333,7.740833333333333,8.948858146684234,10.402831632653061,10.744444444444444,11.788888888888886,13.939734299516909,9.50065476190476,11.906666666666666,12.159583333333334,12.951354666666667
2025-06-06,73.29329,11.871523,4.218543,2.7284768,6.9915147,13.200994,12.701388888888893,14.163750000000002,7.931872294372295,9.771581632653062,6.820833333333333,7.1819444444444445,5.440277777777777,7.740833333333333,14.070833333333333,7.272083333333333,12.4129648
2025-06-07,72.425476,10.669537,2.6821191,6.568212,9.584852,13.885165,7.023611111111111,22.02169444444444,8.969173881673882,10.756105442176871,12.701388888888893,10.744444444444444,5.5375000000000005,14.163750000000002,9.50065476190476,9.059583333333332,9.0469597
2025-06-08,82.64435,1.9993377,0.92715234,7.8483443,11.387274,27.19841,3.3900252525252523,12.490416666666668,9.181475468975469,12.607835600907027,7.023611111111111,6.820833333333333,8.009217171717172,22.02169444444444,7.740833333333333,8.850416666666666,8.117233366666667
2025-06-09,81.63051,0.056953646,0.0794702,7.721523,13.617865,29.990862,5.2625,13.979166666666668,8.521590909090909,13.12783560090703,3.3900252525252523,12.701388888888893,11.788888888888886,12.490416666666668,14.163750000000002,11.906666666666666,9.321213566666666
2025-06-10,80.03376,0.0,0.0,7.8493376,6.912027,29.46735,10.776388888888889,17.36753787878788,7.58924963924964,13.423907029478459,5.2625,7.023611111111111,7.1819444444444445,13.979166666666668,22.02169444444444,14.070833333333333,11.529997
2025-06-11,86.347466,0.0,0.0,7.515232,9.070676,29.88927,14.56407553798858,22.44507575757576,8.102741702741705,13.89486482168625,10.776388888888889,3.3900252525252523,10.744444444444444,17.36753787878788,12.490416666666668,9.50065476190476,10.639055333333333
2025-06-12,80.31806,0.53377485,0.9668874,4.746358,7.40331,19.155098,13.91388888888889,21.90246212121212,8.648403287533723,15.744067821067821,14.56407553798858,5.2625,6.820833333333333,22.44507575757576,13.979166666666668,7.740833333333333,9.866856
2025-06-13,77.96376,8.9351,4.370861,6.875828,8.388617,10.92106,8.947222222222223,5.8575678294573645,9.661696938327372,17.76715764790765,13.91388888888889,10.776388888888889,12.701388888888893,21.90246212121212,17.36753787878788,14.163750000000002,7.795337666666668
2025-06-14,80.74184,0.6880795,0.5960265,6.3354306,10.580629,15.382185,3.333333333333333,6.3475,9.12538741451785,16.580560194972985,8.947222222222223,14.56407553798858,7.023611111111111,5.8575678294573645,22.44507575757576,22.02169444444444,8.287534333333335
2025-06-15,82.60502,0.023178808,0.052980132,7.3781457,7.7884245,22.70278,5.277020202020203,7.922083333333333,8.598204874835309,14.341389560052352,3.333333333333333,13.91388888888889,3.3900252525252523,6.3475,21.90246212121212,12.490416666666668,8.790852000000001
2025-06-16,80.819916,0.8410596,0.4834437,5.7695365,6.7621183,20.716953,9.966666666666669,6.75625,8.867775581906017,13.688770512433305,5.277020202020203,8.947222222222223,5.2625,7.922083333333333,5.8575678294573645,13.979166666666668,8.9192235
2025-06-17,87.48111,1.9490068,0.3112583,7.9493375,7.949563,25.603378,8.877777777777778,9.629166666666666,9.539799391429826,12.656925274338066,9.966666666666669,3.333333333333333,10.776388888888889,6.75625,6.3475,17.36753787878788,8.377057266666666
2025-06-18,84.73283,7.8384104,0.397351,7.875828,18.979752,22.241457,6.641666666666666,6.192386363636364,9.268569232699667,11.551443672606464,8.877777777777778,5.277020202020203,14.56407553798858,9.629166666666666,7.922083333333333,22.44507575757576,7.500035266666667
2025-06-19,85.61018,0.8649007,0.28476822,7.931788,8.067682,30.017881,5.454166666666666,6.286666666666667,8.136796536796536,9.229630902043693,6.641666666666666,9.966666666666669,13.91388888888889,6.192386363636364,6.75625,21.90246212121212,11.230477766666667
2025-06-20,91.39521,0.0,0.0,7.9950333,12.28973,28.680529,8.00138888888889,8.819583333333334,6.928264790764792,6.998802979965771,5.454166666666666,8.877777777777778,8.947222222222223,6.286666666666667,9.629166666666666,5.8575678294573645,11.665665666666667
2025-06-21,94.60541,0.0,0.0,8.0254965,13.704585,29.575497,3.3041666666666667,10.08875,6.793145743145744,7.421948051948052,8.00138888888889,6.641666666666666,3.333333333333333,8.819583333333334,6.192386363636364,6.3475,13.112388000000001
2025-06-22,95.042305,0.0,0.0,8.040729,11.650351,30.241392,3.157070707070707,12.036083333333334,6.788979076479078,7.9564123376623375,3.3041666666666667,5.454166666666666,5.277020202020203,10.08875,6.286666666666667,7.922083333333333,11.353999
2025-06-23,94.55833,0.0,0.0,7.9569535,10.87348,27.988543,4.8500000000000005,11.21625,6.486129148629148,8.544126623376624,3.157070707070707,8.00138888888889,9.966666666666669,12.036083333333334,8.819583333333334,6.75625,12.548222
2025-06-24,94.07197,0.0,0.0,7.92053,8.857495,26.648476,6.665277777777778,9.782916666666669,5.755176767676767,9.18126948051948,4.8500000000000005,3.3041666666666667,8.877777777777778,11.21625,10.08875,9.629166666666666,12.076138666666667
2025-06-25,93.91462,1.684106,0.17218544,7.936424,9.80531,20.550066,6.842572463768117,10.697155266878756,5.439105339105339,9.203233766233767,6.665277777777778,3.157070707070707,6.641666666666666,9.782916666666669,12.036083333333334,6.192386363636364,10.460442
2025-06-26,93.4378,0.059602648,0.0066225166,7.906623,10.627646,27.372913,5.492270531400966,7.594461517165006,5.4678061672626885,9.846772180982681,6.842572463768117,4.8500000000000005,5.454166666666666,10.697155266878756,11.21625,6.286666666666667,9.845428333333333
2025-06-27,88.918724,13.113908,1.9933774,7.5701985,11.457107,19.179205,8.580555555555556,6.73,5.4732495765104465,10.033600016768158,5.492270531400966,6.665277777777778,8.00138888888889,7.594461517165006,9.782916666666669,8.819583333333334,9.763483666666666
2025-06-28,90.286606,0.07549669,0.03311258,7.9033113,11.18831,26.445961,6.383333333333333,5.202916666666667,5.555987671748541,9.735088112006252,8.580555555555556,6.842572463768117,3.3041666666666667,6.73,10.697155266878756,10.08875,10.630021
2025-06-29,82.39164,5.430464,2.2317882,6.1788077,7.427252,17.39755,5.375631313131314,4.527142857142858,5.995868624129494,9.037111921530062,6.383333333333333,5.492270531400966,3.157070707070707,5.202916666666667,7.594461517165006,12.036083333333334,11.091021
2025-06-30,87.06747,13.728477,1.0596026,7.607616,11.173689,21.094503,6.570833333333333,6.498958333333333,6.312805853566724,7.964406139217137,5.375631313131314,8.580555555555556,4.8500000000000005,4.527142857142858,6.73,11.21625,10.024223000000001
2025-07-01,85.31931,0.0,0.0,7.914901,10.214578,30.142914,4.948611111111111,5.739583333333334,6.5586391869000575,7.290507329693327,6.570833333333333,6.383333333333333,6.665277777777778,6.498958333333333,5.202916666666667,9.782916666666669,9.929750333333333
2025-07-02,88.307205,0.0,0.0,7.9745035,5.1408405,26.586357,9.505555555555556,11.021666666666668,6.3134010916619605,6.712888282074279,4.948611111111111,5.375631313131314,6.842572463768117,5.739583333333334,4.527142857142858,10.697155266878756,9.605172999999999
2025-07-03,90.71754,0.0,0.0,7.3831124,4.8643436,27.00371,9.78888888888889,12.514583333333333,6.693827247631596,6.759247053472554,9.505555555555556,6.570833333333333,5.492270531400966,11.021666666666668,6.498958333333333,7.594461517165006,8.843035833333333
2025-07-04,91.84581,0.15231788,0.0066225166,7.9933777,9.063958,28.300995,8.480555555555556,18.12708333333333,7.307629870129871,7.462121598639456,9.78888888888889,4.948611111111111,8.580555555555556,12.514583333333333,5.739583333333334,6.73,6.7399207
2025-07-05,92.03237,0.6721854,0.08609272,7.9016557,9.122516,29.102846,6.831944444444445,14.430416666666668,7.293344155844156,9.090276360544218,8.480555555555556,9.505555555555556,6.383333333333333,18.12708333333333,11.021666666666668,5.202916666666667,6.3563807
2025-07-06,90.39031,4.809272,0.98013246,7.6003313,13.170955,16.209536,3.7506313131313127,9.225833333333332,7.357431457431458,10.408490646258503,6.831944444444445,9.78888888888889,5.375631313131314,14.430416666666668,12.514583333333333,4.527142857142858,7.683605866666667
2025-07-07,88.96402,1.7483444,0.13907285,7.8976827,7.317847,26.0353,5.616666666666667,7.355416666666668,7.1252886002886004,11.079732142857143,3.7506313131313127,8.480555555555556,6.570833333333333,9.225833333333332,18.12708333333333,6.498958333333333,10.452476333333331
2025-07-08,88.88296,19.79073,2.2781458,7.8668876,14.889773,20.3851,11.780555555555557,9.370871212121212,6.988979076479077,11.202083333333334,5.616666666666667,6.831944444444445,4.948611111111111,7.355416666666668,14.430416666666668,5.739583333333334,9.870439333333332
2025-07-09,87.81608,0.019205298,0.0066225166,7.8781457,6.402537,26.623114,6.381818181818182,6.082949241299687,7.964971139971141,11.720838744588743,11.780555555555557,3.7506313131313127,9.505555555555556,9.370871212121212,9.225833333333332,11.021666666666668,11.792858333333333
2025-07-10,90.82303,0.0,0.0,7.9291396,7.072718,29.315296,10.70618686868687,8.21354368149581,7.518722943722944,11.015307683822032,6.381818181818182,5.616666666666667,9.78888888888889,6.082949241299687,7.355416666666668,12.514583333333333,9.536719
2025-07-11,92.87456,0.017218543,0.026490066,7.849006,11.811903,26.865364,6.801388888888888,9.13125,7.649765512265512,10.400873447845244,10.70618686868687,11.780555555555557,8.480555555555556,8.21354368149581,9.370871212121212,18.12708333333333,9.455009333333335
2025-07-12,85.88316,2.7430465,0.90066224,7.431788,13.521954,21.008808,5.722222222222222,5.11875,7.40988455988456,9.115754400226196,6.801388888888888,6.381818181818182,6.831944444444445,9.13125,6.082949241299687,14.430416666666668,8.429052666666665
2025-07-13,81.89277,5.382119,2.1324503,4.9533114,8.458972,15.05298,9.989015151515153,6.2875,7.251352813852813,7.785516304988101,5.722222222222222,10.70618686868687,3.7506313131313127,5.11875,8.21354368149581,9.225833333333332,10.802191666666666
2025-07-14,85.52138,2.2695363,0.25827813,7.090066,5.5839615,16.962847,7.277777777777778,7.404166666666667,8.142550505050504,7.365754400226196,9.989015151515153,6.801388888888888,5.616666666666667,6.2875,9.13125,7.355416666666668,11.264276333333333
2025-07-15,88.00382,12.049006,1.0728477,7.724172,8.517735,21.55437,10.943055555555556,8.026011904761905,8.379852092352092,7.372718685940482,7.277777777777778,5.722222222222222,11.780555555555557,7.404166666666667,5.11875,9.370871212121212,9.188295833333333
2025-07-16,93.233955,0.3463576,0.09271523,7.81192,12.414129,25.447351,8.263888888888888,7.561666666666666,8.260209235209235,7.180595927746296,10.943055555555556,9.989015151515153,6.381818181818182,8.026011904761905,6.2875,6.082949241299687,7.5202228333333325
2025-07-17,85.66799,20.756954,1.1390729,7.595695,8.328778,17.844702,7.740277777777777,6.06090579710145,8.52907647907648,7.391841274227292,8.263888888888888,7.277777777777778,10.70618686868687,7.561666666666666,7.404166666666667,8.21354368149581,8.838608500000001
2025-07-18,85.28952,0.34437087,0.16556291,7.5721855,7.254355,18.17755,7.754589371980676,8.583333333333332,8.10537518037518,7.084321576456669,7.740277777777777,10.943055555555556,6.801388888888888,6.06090579710145,8.026011904761905,9.13125,9.753547333333334
2025-07-19,87.04958,0.93311256,0.24503312,7.819536,10.083053,22.711721,6.604166666666667,9.7875,8.241546677959722,7.00604776693286,7.754589371980676,8.263888888888888,5.722222222222222,8.583333333333332,7.561666666666666,5.11875,9.332420666666668
2025-07-20,93.928925,5.150331,0.21854305,7.814901,9.794864,21.491259,3.9002525252525246,9.09625,8.367538741451785,7.673012052647145,6.604166666666667,7.740277777777777,9.989015151515153,9.7875,6.06090579710145,6.2875,8.555395333333335
2025-07-21,85.49395,63.622517,4.284768,7.143378,13.173159,21.599073,8.213888888888889,5.349166666666667,7.497715509128553,8.074262052647146,3.9002525252525246,7.754589371980676,7.277777777777778,9.09625,8.583333333333332,7.404166666666667,9.044090666666667
2025-07-22,92.1021,2.8701987,0.14569536,7.7357616,8.067912,25.645496,9.97777777777778,11.643067375886524,7.631445667858712,7.780690624075717,8.213888888888889,6.604166666666667,10.943055555555556,5.349166666666667,9.7875,8.026011904761905,11.017025333333335
2025-07-23,95.5984,0.0,0.0,7.7526493,7.316463,27.750399,7.540674603174604,13.471821428571428,7.493548842461885,8.297412834236377,9.97777777777778,3.9002525252525246,8.263888888888888,11.643067375886524,9.09625,7.561666666666666,10.345311666666667
2025-07-24,94.8319,0.0,0.0,7.7745037,9.484553,28.11523,6.935479797979798,10.954039816772374,7.390232515931274,9.141720657365628,7.540674603174604,8.213888888888889,7.740277777777777,13.471821428571428,5.349166666666667,6.06090579710145,9.519178
2025-07-25,94.63938,5.913245,0.39072847,7.7384105,8.549081,23.618212,8.381944444444445,8.826249999999998,7.275261375960134,9.840739803032903,6.935479797979798,9.97777777777778,7.754589371980676,10.954039816772374,11.643067375886524,8.583333333333332,8.289642666666667
2025-07-26,91.448265,0.3960265,0.046357617,7.686424,10.339414,25.01669,4.411111111111111,6.4017857142857135,7.364883529169243,9.875442183985285,8.381944444444445,7.540674603174604,6.604166666666667,8.826249999999998,13.471821428571428,9.7875,8.450032333333334
2025-07-27,91.66223,4.816556,1.0927153,7.5092716,9.373853,24.236755,4.06010101010101,4.383333333333334,7.051589878375593,9.391768714597529,4.411111111111111,6.935479797979798,3.9002525252525246,6.4017857142857135,10.954039816772374,9.09625,9.457682666666669
2025-07-28,93.48428,0.48675495,0.09933775,7.5546355,9.465097,27.26351,5.186111111111111,8.47625,7.0744253762110905,8.71849490507372,4.06010101010101,8.381944444444445,8.213888888888889,4.383333333333334,8.826249999999998,5.349166666666667,9.420782666666668
2025-07-29,95.20323,0.0,0.0,7.6980133,9.556653,26.357151,7.576388888888889,8.47775,6.6418856936714095,9.16522109554991,5.186111111111111,4.411111111111111,9.97777777777778,8.47625,6.4017857142857135,11.643067375886524,9.726121333333333
2025-07-30,90.46243,1.2609271,0.18543047,7.569536,12.125523,24.295166,8.881944444444445,8.54624836601307,6.298830138115853,8.713032898994692,7.576388888888889,4.06010101010101,7.540674603174604,8.47775,4.383333333333334,13.471821428571428,9.465201
2025-07-31,77.717,0.08145695,0.15231788,5.5824504,11.524425,12.252782,3.548611111111111,15.18306818181818,6.490440115440115,8.009379604343499,8.881944444444445,5.186111111111111,6.935479797979798,8.54624836601307,8.47625,10.954039816772374,10.382424333333335
2025-08-01,80.72098,0.0,0.0,7.641391,11.731793,26.94073,5.033333333333333,30.594583333333333,6.006601731601732,8.613526513635756,3.548611111111111,7.576388888888889,8.381944444444445,15.18306818181818,8.47775,8.826249999999998,11.068867000000003
2025-08-02,79.18204,0.0,0.0,7.611921,10.445726,26.382517,3.972222222222222,12.960416666666664,5.528228715728716,11.723288418397662,5.033333333333333,8.881944444444445,4.411111111111111,30.594583333333333,8.54624836601307,6.4017857142857135,11.793913666666668
2025-08-03,79.92528,0.0,0.0,7.5645695,7.6462255,25.69159,4.05,4.516287878787879,5.465530303030303,12.660235697309227,3.972222222222222,3.548611111111111,4.06010101010101,12.960416666666664,15.18306818181818,4.383333333333334,11.233981333333332
2025-08-04,83.42515,0.4350993,0.30463576,7.4996686,8.248457,22.525166,5.152777777777778,4.335416666666667,5.464087301587301,12.679229203802732,4.05,5.033333333333333,5.186111111111111,4.516287878787879,30.594583333333333,8.47625,9.941248166666666
2025-08-05,84.9927,0.2602649,0.03311258,7.4562917,6.063434,22.43404,7.738149350649351,4.546060606060606,5.459325396825397,12.087681584755115,5.152777777777778,3.972222222222222,7.576388888888889,4.335416666666667,12.960416666666664,8.47775,8.780136166666667
2025-08-06,90.43799,0.0,0.0,7.5102654,8.58721,24.48351,11.811616161616165,9.670916666666669,5.482434034219749,11.5260116713352,7.738149350649351,4.05,8.881944444444445,4.546060606060606,4.516287878787879,8.54624836601307,7.319372166666668
2025-08-07,88.739914,0.9821192,0.92715234,7.4407287,11.031635,22.186224,9.493055555555555,9.65,5.90095856524428,11.686678571428573,11.811616161616165,5.152777777777778,3.548611111111111,9.670916666666669,4.335416666666667,15.18306818181818,7.633033666666667
2025-08-08,93.494415,0.0,0.0,7.5324507,11.282444,26.31828,8.963888888888889,8.186666666666667,6.750164914450629,10.896240259740258,9.493055555555555,7.738149350649351,5.033333333333333,9.65,4.546060606060606,30.594583333333333,8.560759666666668
2025-08-09,92.93654,0.0,0.0,7.5172186,11.050122,23.531458,6.041666666666667,6.497083333333333,7.311672850958566,7.695109307359307,8.963888888888889,11.811616161616165,3.972222222222222,8.186666666666667,9.670916666666669,12.960416666666664,10.300429666666666
2025-08-10,88.263695,21.941061,1.4768212,6.6374173,14.029143,16.462385,6.725757575757576,4.807083333333333,7.607307771593486,6.771775974025975,6.041666666666667,9.493055555555555,4.05,6.497083333333333,9.65,4.516287878787879,11.121400333333334
2025-08-11,89.867,0.0,0.0,7.4460263,7.949479,23.794502,9.438888888888888,7.038134057971014,7.989558853844569,6.813318181818182,6.725757575757576,8.963888888888889,5.152777777777778,4.807083333333333,8.186666666666667,4.335416666666667,12.120569666666666
2025-08-12,88.928856,1.0688742,0.4370861,7.339404,10.56739,21.71881,11.987037037037036,7.328749999999999,8.601860441146156,7.199420666290231,9.438888888888888,6.041666666666667,7.738149350649351,7.038134057971014,6.497083333333333,4.546060606060606,11.009581333333335
2025-08-13,87.7976,2.3291392,0.26490065,7.3725166,7.110295,20.275827,6.625,7.763085697399527,9.208844396344395,7.596947722567287,11.987037037037036,6.725757575757576,11.811616161616165,7.328749999999999,4.807083333333333,9.670916666666669,10.848670666666665
2025-08-14,90.44753,0.0,0.0,7.3579473,4.955153,22.739073,9.877777777777778,11.489556737588654,8.46789923039923,7.324400441243411,6.625,9.438888888888888,9.493055555555555,7.763085697399527,7.038134057971014,9.65,8.542388
2025-08-15,95.62223,0.27615896,0.046357617,7.3642383,8.119229,23.66457,11.911111111111111,10.617083333333332,8.522859547859548,7.587194260898933,9.877777777777778,11.987037037037036,8.963888888888889,11.489556737588654,7.328749999999999,8.186666666666667,7.544279333333333
2025-08-16,96.45846,4.210596,0.27152318,7.3447022,9.495761,22.087814,12.625,10.631666666666666,8.943891293891294,7.934396641851313,11.911111111111111,6.625,6.041666666666667,10.617083333333332,7.763085697399527,6.497083333333333,6.728225666666667
2025-08-17,94.8474,1.95298,0.3178808,7.2811255,9.023519,20.96616,9.440909090909091,10.654583333333331,9.884367484367484,8.525051403756075,12.625,9.877777777777778,6.725757575757576,10.631666666666666,11.489556737588654,4.807083333333333,7.5233810000000005
2025-08-18,96.09846,4.2655625,0.5033113,7.2864237,10.076367,22.337217,10.67936507936508,12.782916666666669,10.272246272246273,9.360408546613217,9.440909090909091,11.911111111111111,9.438888888888888,10.654583333333331,10.617083333333332,7.038134057971014,8.879503000000001
2025-08-19,93.067665,2.4576159,0.13245033,7.236755,11.890561,21.810595,5.47512077294686,7.998668267610381,10.449457156600014,10.181091776426882,10.67936507936508,12.625,11.987037037037036,12.782916666666669,10.631666666666666,7.328749999999999,9.531882333333334
2025-08-20,86.09713,0.7927152,0.1986755,7.2211924,8.746611,22.47331,3.57790404040404,2.9832938426821407,9.51918340458713,10.276794386085509,5.47512077294686,9.440909090909091,6.625,7.998668267610381,10.654583333333331,7.763085697399527,10.330149
2025-08-21,78.86376,0.04039735,0.03311258,7.187748,8.263532,19.105827,4.470833333333333,3.693788759689922,9.083883981787709,9.593966978268739,3.57790404040404,10.67936507936508,9.877777777777778,2.9832938426821407,12.782916666666669,11.489556737588654,10.237846333333335
2025-08-22,83.8513,0.0,0.0,6.950331,6.676675,20.814304,7.0125,6.058572695035461,8.311463346867074,8.48028583856892,4.470833333333333,5.47512077294686,11.911111111111111,3.693788759689922,7.998668267610381,10.617083333333332,9.633568
2025-08-23,83.89422,0.0072847684,0.0066225166,5.822848,9.177492,19.182848,5.686111111111111,6.44375,7.611661759565486,7.829070033097795,7.0125,3.57790404040404,12.625,6.058572695035461,2.9832938426821407,10.631666666666666,7.895606
2025-08-24,77.70151,0.0,0.0,7.077483,11.700997,25.063643,2.862121212121212,3.328333333333333,6.6203919182956446,7.230796223573987,5.686111111111111,4.470833333333333,9.440909090909091,6.44375,3.693788759689922,10.654583333333331,8.039233000000001
2025-08-25,73.42799,0.0,0.0,6.872848,11.123328,25.12947,5.8,4.6762500000000005,5.680565078468805,6.184189080716844,2.862121212121212,7.0125,10.67936507936508,3.328333333333333,6.058572695035461,12.782916666666669,9.185054666666668
2025-08-26,77.94588,0.0,0.0,6.9019866,7.125373,25.740265,8.958333333333334,5.607083333333334,4.983512924273794,5.026093842621606,5.8,5.686111111111111,5.47512077294686,4.6762500000000005,6.44375,7.998668267610381,10.667272333333335
2025-08-27,80.867,0.0,0.0,6.368543,5.519561,24.839338,14.085416666666667,8.558980496453902,5.481114718614719,4.684438852010599,8.958333333333334,2.862121212121212,3.57790404040404,5.607083333333334,3.328333333333333,2.9832938426821407,9.983232666666668
2025-08-28,83.78157,0.0,0.0,6.5913906,5.3015003,24.64384,12.239583333333332,8.632083333333332,6.982187950937951,5.480965516835136,14.085416666666667,5.8,4.470833333333333,8.558980496453902,4.6762500000000005,3.693788759689922,7.922754000000001
2025-08-29,86.01429,0.0,0.0,6.873841,5.73369,24.32788,8.399999999999999,8.03875,8.09200937950938,6.186436170212766,12.239583333333332,8.958333333333334,7.0125,8.632083333333332,5.607083333333334,6.058572695035461,5.982144766666667
2025-08-30,83.97528,0.0,0.0,6.849669,9.450273,21.82735,7.045833333333333,6.164166666666667,8.290223665223666,6.469318642350558,8.399999999999999,14.085416666666667,5.686111111111111,8.03875,8.558980496453902,6.44375,5.518250433333335
2025-08-31,80.8515,0.0,0.0,5.6933775,9.419626,22.965364,4.918181818181818,4.126250000000001,8.484469696969695,6.429378166160082,7.045833333333333,12.239583333333332,2.862121212121212,6.164166666666667,8.632083333333332,3.328333333333333,6.828487766666668
2025-09-01,80.86343,0.0,0.0,6.731788,8.212257,23.509403,5.785416666666666,4.08375,8.778192640692641,6.543366261398177,4.918181818181818,8.399999999999999,5.8,4.126250000000001,8.03875,4.6762500000000005,8.201196333333334
2025-09-02,81.5429,0.026490066,0.06622516,6.5748343,5.47946,21.467484,10.058333333333334,6.637083333333334,8.776109307359308,6.458723404255319,5.785416666666666,7.045833333333333,8.958333333333334,4.08375,6.164166666666667,5.607083333333334,9.027385333333333
2025-09-03,85.97316,0.074834436,0.12582782,6.6950326,10.862375,22.154768,10.3125,7.855903100775194,8.933252164502164,6.605866261398176,10.058333333333334,4.918181818181818,14.085416666666667,6.637083333333334,4.126250000000001,8.558980496453902,7.703781
2025-09-04,75.32336,1.7423842,0.7549669,6.697682,10.423579,23.579735,9.479528985507246,13.74060545385202,8.39426406926407,6.505426633444075,10.3125,5.785416666666666,12.239583333333332,7.855903100775194,4.08375,8.632083333333332,8.184697333333334
2025-09-05,73.463165,0.20264901,0.38410595,5.392384,10.368865,16.428278,5.5125,8.763333333333332,7.999970591003199,7.235215507803888,9.479528985507246,10.058333333333334,8.399999999999999,13.74060545385202,6.637083333333334,8.03875,8.921804666666667
2025-09-06,76.63521,0.0026490067,0.0066225166,6.575828,9.667046,23.501987,3.5791666666666666,3.975664893617021,7.587470591003201,7.338727412565793,5.5125,10.3125,7.045833333333333,8.763333333333332,7.855903100775194,6.164166666666667,10.551606333333334
2025-09-07,73.23309,0.0,0.0,6.538742,8.358762,23.983908,6.548106060606061,4.544166666666667,7.092232495765105,7.026084302130129,3.5791666666666666,9.479528985507246,4.918181818181818,3.975664893617021,13.74060545385202,4.126250000000001,10.153163333333334
2025-09-08,77.02919,0.0,0.0,6.499669,6.294693,23.607151,13.864583333333334,6.408333333333334,7.325078816111424,7.085786683082509,6.548106060606061,5.5125,5.785416666666666,4.544166666666667,8.763333333333332,4.08375,9.464891
2025-09-09,80.3878,0.0026490067,0.0066225166,6.4771523,6.997133,22.289934,18.541666666666668,9.93672619047619,8.479245482778092,7.417870016415843,13.864583333333334,3.5791666666666666,10.058333333333334,6.408333333333334,3.975664893617021,6.637083333333334,8.106833666666667
2025-09-10,88.440704,0.0,0.0,6.4466887,5.3276978,21.524569,17.03611111111111,13.954645390070922,9.691150244682854,7.889247567436251,18.541666666666668,6.548106060606061,10.3125,9.93672619047619,4.544166666666667,7.855903100775194,7.2168626666666675
2025-09-11,89.86998,0.0,0.0,6.4016557,5.850723,21.115364,17.081944444444442,16.6625,10.651666117698726,8.76049646590707,17.03611111111111,13.864583333333334,9.479528985507246,13.954645390070922,6.408333333333334,13.74060545385202,6.206507933333334
2025-09-12,93.20595,0.0,0.0,6.406291,6.333489,21.330662,15.740277777777775,15.3375,11.73772546897547,9.177909972499638,17.081944444444442,18.541666666666668,5.5125,16.6625,9.93672619047619,8.763333333333332,6.058517933333334
2025-09-13,95.69555,0.0,0.0,6.4215236,7.067736,20.778345,7.729166666666667,11.42,13.19883658008658,10.117076639166305,15.740277777777775,17.03611111111111,3.5791666666666666,15.3375,13.954645390070922,3.975664893617021,5.837303266666667
2025-09-14,96.85243,0.0986755,0.0794702,5.770861,7.32853,20.798742,7.112878787878787,9.47334219858156,13.791693722943723,11.180553082935303,7.729166666666667,17.081944444444442,6.548106060606061,11.42,16.6625,4.544166666666667,6.4173160000000005
2025-09-15,92.19687,0.05496689,0.01986755,5.9089403,8.119722,20.43265,10.343055555555557,12.561928294573644,13.87237554112554,11.884721016066,7.112878787878787,15.740277777777775,13.864583333333334,9.47334219858156,15.3375,6.408333333333334,6.909918333333334
2025-09-16,92.553894,0.0,0.0,6.245364,7.64752,21.079138,9.783333333333331,12.432638888888889,13.369300144300144,12.763806010528901,10.343055555555557,7.729166666666667,18.541666666666668,12.561928294573644,11.42,9.93672619047619,7.505329333333333
2025-09-17,91.65687,0.0,0.0,6.200331,5.646031,21.053179,16.362950937950938,14.02847176079734,12.118109668109668,13.120364967445001,9.783333333333331,7.112878787878787,17.03611111111111,12.432638888888889,9.47334219858156,13.954645390070922,7.698590666666667
2025-09-18,93.9027,0.17350993,0.09271523,5.9745035,13.008457,20.379206,20.629897660818717,17.519015151515152,12.021943929086786,13.13091159183449,16.362950937950938,10.343055555555557,17.081944444444442,14.02847176079734,12.561928294573644,16.6625,7.1377576666666664
2025-09-19,85.85812,1.4324503,0.17880794,5.684768,11.574311,19.175299,11.6875,7.854166666666667,12.528794388568825,13.253270899193797,20.629897660818717,9.783333333333331,15.740277777777775,17.519015151515152,12.432638888888889,15.3375,8.767336
2025-09-20,84.9617,3.8158941,0.41721854,5.9480133,10.03397,14.928013,11.191666666666668,8.317916666666667,11.94982613460057,12.18422328014618,11.6875,16.362950937950938,7.729166666666667,7.854166666666667,14.02847176079734,11.42,10.076266333333335
2025-09-21,85.9213,0.7092715,0.46357617,5.996358,13.763153,17.851192,7.751262626262626,6.484140070921986,12.44446899174343,11.741068518241416,11.191666666666668,20.629897660818717,7.112878787878787,8.317916666666667,17.519015151515152,9.47334219858156,11.538912666666667
2025-09-22,79.87104,3.705298,2.2516556,4.4248347,6.5701537,11.164768,12.304166666666667,8.843333333333334,12.535666682941118,11.314039642861477,7.751262626262626,11.6875,10.343055555555557,6.484140070921986,7.854166666666667,12.561928294573644,11.790478
2025-09-23,77.59541,15.415232,3.562914,4.2347684,8.154752,11.198344,11.904166666666669,8.469166666666666,12.81582541309985,10.78281179125572,12.304166666666667,11.191666666666668,9.783333333333331,8.843333333333334,8.317916666666667,12.432638888888889,10.122425566666665
2025-09-24,73.861305,5.2490067,2.2119205,5.1678805,9.029963,7.3996687,6.065277777777777,4.966190476190476,13.118801603576042,10.216601473795402,11.904166666666669,7.751262626262626,16.362950937950938,8.469166666666666,6.484140070921986,14.02847176079734,9.496019566666668
2025-09-25,77.69733,0.026490066,0.026490066,5.7748346,8.17782,19.077284,8.065277777777778,4.745416666666666,11.647705437837018,8.921989861708706,6.065277777777777,12.304166666666667,20.629897660818717,4.966190476190476,8.843333333333334,17.519015151515152,7.918289566666668
2025-09-26,81.6311,0.0,0.0,5.802318,5.1215,19.221655,16.594444444444445,9.71625,9.85275974025974,7.097190078158922,8.065277777777778,11.904166666666669,11.6875,4.745416666666666,8.469166666666666,7.854166666666667,8.454178333333333
2025-09-27,84.60647,0.0,0.0,5.7821193,5.0949516,19.570133,17.52777777777778,12.82674645390071,10.553751803751805,7.3632019829208275,16.594444444444445,6.065277777777777,11.191666666666668,9.71625,4.966190476190476,8.317916666666667,7.443094333333334
2025-09-28,88.09025,0.0,0.0,5.7440395,5.711775,19.325363,18.60328282828283,12.834530141843974,11.458910533910535,8.007320523954263,17.52777777777778,8.065277777777778,7.751262626262626,12.82674645390071,4.745416666666666,6.484140070921986,6.131423866666666
2025-09-29,87.81488,0.0,0.0,5.6811256,6.5438194,18.994305,18.46111111111111,15.746666666666666,13.009199134199134,8.914519105514547,18.60328282828283,16.594444444444445,12.304166666666667,12.834530141843974,9.71625,8.843333333333334,5.309408866666667
2025-09-30,88.67257,0.0,0.0,5.649338,7.9695315,18.495497,16.982222222222223,13.923916666666669,13.888762626262627,9.900709581705021,18.46111111111111,17.52777777777778,11.904166666666669,15.746666666666666,12.82674645390071,8.469166666666666,5.783515333333334
2025-10-01,86.00952,0.0,0.0,5.0205297,4.894461,17.526623,20.311111111111117,14.874457462827028,14.614199134199136,10.679959581705022,16.982222222222223,18.60328282828283,6.065277777777777,13.923916666666669,12.834530141843974,4.966190476190476,6.741708633333334
2025-10-02,87.612236,0.08145695,0.01986755,5.465232,6.954033,16.499271,21.731944444444448,14.2575,16.649318181818185,12.095426294081674,20.311111111111117,18.46111111111111,8.065277777777778,14.874457462827028,15.746666666666666,4.745416666666666,6.469270633333333
2025-10-03,87.69806,0.0,0.0,5.5009937,8.604695,17.322649,12.443055555555556,10.607916666666666,18.601699134199134,13.45429534170072,21.731944444444448,16.982222222222223,16.594444444444445,14.2575,13.923916666666669,9.71625,6.606008500000001
2025-10-04,85.200714,0.0,0.0,5.5427155,11.23408,17.889933,9.9,9.470416666666669,18.00864357864358,13.581676294081674,12.443055555555556,20.311111111111117,17.52777777777778,10.607916666666666,14.874457462827028,12.82674645390071,6.817729666666668
2025-10-05,85.10833,0.0,0.0,5.4486756,11.081691,17.5249,8.575378787878789,7.28125,16.91896103896104,13.102200610191094,9.9,21.731944444444448,18.60328282828283,9.470416666666669,14.2575,12.834530141843974,8.930936
2025-10-06,83.18793,0.08145695,0.0397351,5.338742,7.7908077,10.645431,9.202777777777778,6.411250000000001,15.486403318903323,12.308874875641957,8.575378787878789,12.443055555555556,18.46111111111111,7.28125,10.607916666666666,15.746666666666666,10.306822
2025-10-07,73.31773,0.0,0.0,5.1516557,12.041178,8.726226,4.7625,2.848611111111111,14.163784271284273,10.975243923261004,9.202777777777778,9.9,16.982222222222223,6.411250000000001,9.470416666666669,13.923916666666669,10.035526233333334
2025-10-08,74.53243,0.0,0.0,5.2013245,7.6324716,17.906754,7.897222222222222,5.916666666666666,12.418109668109668,9.393057415324495,4.7625,8.575378787878789,20.311111111111117,2.848611111111111,7.28125,14.874457462827028,10.304558900000002
2025-10-09,73.779655,0.0,0.0,5.180464,5.517464,17.746756,14.975,7.972499999999999,10.64469696969697,8.113373015873018,7.897222222222222,9.202777777777778,21.731944444444448,5.916666666666666,6.411250000000001,14.2575,9.154819100000001
2025-10-10,74.60872,1.2781457,0.21854305,4.965563,9.817996,13.676226,14.263888888888888,9.789166666666668,9.679419191919193,7.215515873015874,14.975,4.7625,12.443055555555556,7.972499999999999,2.848611111111111,10.607916666666666,8.397037866666667
2025-10-11,75.73879,0.0,0.0,4.9152317,5.276823,10.90543,9.172222222222222,8.627083333333333,9.939538239538239,7.098551587301587,14.263888888888888,7.897222222222222,9.9,9.789166666666668,5.916666666666666,9.470416666666669,7.6559772
2025-10-12,79.78998,0.0,0.0,5.1062913,8.852956,16.628675,11.976262626262626,9.504166666666666,9.835569985569986,6.978075396825397,9.172222222222222,14.975,8.575378787878789,8.627083333333333,7.972499999999999,7.28125,6.870761000000002
2025-10-13,80.638725,0.0,0.0,2.394702,5.4132457,11.624768,19.01527777777778,15.080354609929078,10.321410533910534,7.295634920634922,11.976262626262626,14.263888888888888,9.202777777777778,9.504166666666666,9.789166666666668,6.411250000000001,7.982591666666668
2025-10-14,82.887535,0.0,0.0,4.9917216,6.016829,15.786689,18.35972222222222,13.998333333333337,11.723196248196249,8.534078436339074,19.01527777777778,9.172222222222222,4.7625,15.080354609929078,8.627083333333333,2.848611111111111,6.514341566666668
2025-10-15,83.6564,0.0,0.0,4.955629,5.0755687,14.765497,20.74760101010101,16.97797480620155,13.665656565656565,10.126895896656535,18.35972222222222,11.976262626262626,7.897222222222222,13.998333333333337,9.504166666666666,5.916666666666666,6.761010233333335
2025-10-16,82.122826,0.0,0.0,4.9092712,8.05283,14.477748,15.622222222222224,13.343667679837893,15.501424963924963,11.707082773732948,20.74760101010101,19.01527777777778,14.975,16.97797480620155,15.080354609929078,7.972499999999999,5.501881133333335
2025-10-17,82.05012,0.0,0.0,4.4072847,9.889124,15.333642,11.31388888888889,10.508392857142857,15.593885281385282,12.474392442281218,15.622222222222224,18.35972222222222,14.263888888888888,13.343667679837893,13.998333333333337,9.789166666666668,6.3817425666666665
2025-10-18,72.97323,61.827816,7.2384105,2.5807948,13.518784,4.551722,8.862499999999999,12.44625,15.17245670995671,12.577139040920674,11.31388888888889,20.74760101010101,9.172222222222222,10.508392857142857,16.97797480620155,8.627083333333333,7.672507566666667
2025-10-19,61.945545,1.2741722,1.3311259,4.6182117,19.482462,16.38616,5.253282828282828,3.284102564102564,15.12821067821068,13.122734279015912,8.862499999999999,15.622222222222224,11.976262626262626,12.44625,13.343667679837893,9.504166666666666,10.486912666666669
2025-10-20,71.48435,0.08344371,0.18543047,4.6609273,16.331226,15.459073,9.122222222222222,4.784318181818182,14.167784992784991,12.234153692935324,5.253282828282828,11.31388888888889,19.01527777777778,3.284102564102564,10.508392857142857,15.080354609929078,14.296790000000001
2025-10-21,63.991108,0.0,0.0,4.5301323,18.61251,15.9067545,6.897222222222222,4.279769841269841,12.754491341991342,10.763291346062342,9.122222222222222,8.862499999999999,18.35972222222222,4.784318181818182,12.44625,13.998333333333337,16.444157333333333
2025-10-22,64.471504,0.0,0.0,4.539073,12.432529,15.825628,11.029166666666669,7.018928571428572,11.11699134199134,9.374925132910414,6.897222222222222,5.253282828282828,20.74760101010101,4.279769841269841,3.284102564102564,16.97797480620155,18.142066
2025-10-23,63.100643,0.0,0.0,4.5062914,6.7998385,15.5251,14.513888888888893,11.81625,9.72864357864358,7.952204242228558,11.029166666666669,9.122222222222222,15.622222222222224,7.018928571428572,4.784318181818182,13.343667679837893,15.792088333333334
2025-10-24,61.810844,0.010596027,0.026490066,3.884768,5.9759336,13.12702,19.97083333333333,11.608333333333333,9.570310245310248,7.73400171653743,14.513888888888893,6.897222222222222,11.31388888888889,11.81625,4.279769841269841,10.508392857142857,12.614959166666667
2025-10-25,59.00237,0.37615892,0.80794704,1.0523179,9.19522,6.853245,10.61111111111111,5.716666666666667,10.807016594516595,7.891136070278927,19.97083333333333,11.029166666666669,8.862499999999999,11.608333333333333,7.018928571428572,12.44625,8.402767033333333
2025-10-26,55.80886,10.086093,7.7417216,1.1023178,11.558001,5.2500663,6.644191919191918,4.2775,11.056818181818183,6.92976702265988,10.61111111111111,14.513888888888893,5.253282828282828,5.716666666666667,11.81625,3.284102564102564,7.323664033333334
2025-10-27,54.676407,1.0456954,2.2516556,1.4076159,8.623718,3.4640398,8.68888888888889,5.6325,11.255519480519482,7.071680942073799,6.644191919191918,19.97083333333333,9.122222222222222,4.2775,11.608333333333333,4.784318181818182,8.9097182
2025-10-28,54.976208,0.1397351,0.34437087,1.0453643,5.836203,3.1784105,10.620833333333332,8.265416666666667,11.193614718614722,7.19284977324263,8.68888888888889,10.61111111111111,6.897222222222222,5.6325,5.716666666666667,4.279769841269841,9.792313
2025-10-29,54.3468,13.994701,8.70861,1.5917219,15.400654,6.9165564,5.56969696969697,3.116167195207893,11.725559163059163,7.762227891156463,10.620833333333332,6.644191919191918,11.029166666666669,8.265416666666667,4.2775,7.018928571428572,8.672640666666668
2025-10-30,57.235744,0.0,0.0,4.1923842,10.38637,14.195364,7.316008771929824,5.8846885964912286,10.945634920634921,7.204690551696365,5.56969696969697,8.68888888888889,14.513888888888893,3.116167195207893,5.6325,11.81625,9.953525
2025-10-31,62.70131,0.0,0.0,4.058609,11.900952,13.922782,10.26388888888889,8.465416666666666,9.91736633249791,6.357324636909398,7.316008771929824,10.620833333333332,19.97083333333333,5.8846885964912286,8.265416666666667,11.608333333333333,10.541075666666666
2025-11-01,52.4723,0.037086092,0.06622516,3.2761588,9.558334,11.184173,7.859722222222222,4.88375,8.530659983291562,5.908336541671304,10.26388888888889,5.56969696969697,10.61111111111111,8.465416666666666,3.116167195207893,5.716666666666667,12.562658666666666
2025-11-02,51.781506,0.0,0.0,4.0013247,5.703689,10.52649,8.99469696969697,6.8950000000000005,8.137604427736006,5.789348446433208,7.859722222222222,7.316008771929824,6.644191919191918,4.88375,5.8846885964912286,4.2775,10.615218666666665
2025-11-03,63.995277,0.0,0.0,4.0543046,8.197077,13.210663,12.768055555555556,9.145416666666668,8.473390863522443,6.1632770178617795,8.99469696969697,10.26388888888889,8.68888888888889,6.8950000000000005,8.465416666666666,5.6325,9.054325
2025-11-04,71.82528,0.0,0.0,4.02351,11.133235,12.982251,15.236111111111112,12.84133399209486,9.056128958760537,6.665122255957017,12.768055555555556,7.859722222222222,10.620833333333332,9.145416666666668,4.88375,8.265416666666667,7.8197
2025-11-05,69.82501,0.0,0.0,3.9566226,12.813453,12.918675,8.43611111111111,8.225,9.715454355585935,7.318824731018188,15.236111111111112,8.99469696969697,5.56969696969697,12.84133399209486,6.8950000000000005,3.116167195207893,8.344667
2025-11-06,65.92223,0.0,0.0,3.9304636,12.637968,12.824172,13.173611111111112,9.502416666666669,10.12494209007367,8.048657988845632,8.43611111111111,12.768055555555556,7.316008771929824,8.225,9.145416666666668,5.8846885964912286,10.714588333333333
2025-11-07,71.58687,0.0,0.0,3.6394038,10.991497,12.01861,10.243055555555555,9.295416666666666,10.961742424242425,8.56547628458498,13.173611111111112,15.236111111111112,10.26388888888889,9.502416666666669,12.84133399209486,8.465416666666666,12.194885333333334
2025-11-08,60.526405,0.0,0.0,3.091722,16.67992,10.406755,10.580555555555556,8.289166666666668,10.958766233766232,8.684047713156408,10.243055555555555,8.43611111111111,7.859722222222222,9.295416666666666,8.225,4.88375,12.147639333333336
2025-11-09,45.997665,0.0,0.0,3.576821,19.160149,9.876755,2.1018939393939395,2.315833333333333,11.347456709956711,9.170535808394504,10.580555555555556,13.173611111111112,8.99469696969697,8.289166666666668,9.502416666666669,6.8950000000000005,13.436461666666666
2025-11-10,38.1474,0.0,0.0,3.4536424,14.687321,13.08245,5.584722222222222,3.628333333333333,10.362770562770562,8.516369141727838,2.1018939393939395,10.243055555555555,12.768055555555556,2.315833333333333,9.295416666666666,9.145416666666668,15.610521999999998
2025-11-11,58.160183,0.0,0.0,3.142384,14.238498,10.433443,14.376587301587302,6.322131782945736,9.336580086580087,7.7282143798230765,5.584722222222222,10.580555555555556,15.236111111111112,3.628333333333333,8.289166666666668,12.84133399209486,16.84246333333333
2025-11-12,66.4515,0.0,0.0,3.5933774,7.4932714,12.277152,18.482449494949496,11.736485200845664,9.213790970933827,6.796899778516058,14.376587301587302,2.1018939393939395,8.43611111111111,6.322131782945736,2.315833333333333,8.225,16.028656
2025-11-13,66.80435,0.0,0.0,3.576159,8.476079,11.50404,21.21388888888889,17.100833333333334,10.648982168625025,7.298540521494011,18.482449494949496,5.584722222222222,13.173611111111112,11.736485200845664,3.628333333333333,9.502416666666669,12.139696800000001
2025-11-14,78.695076,0.0,0.0,3.5549667,11.743172,11.140265,14.429166666666667,13.15,11.797593279736136,8.384028616732106,21.21388888888889,14.376587301587302,10.243055555555555,17.100833333333334,6.322131782945736,9.295416666666666,10.0692828
2025-11-15,78.28978,0.0,0.0,3.576821,11.796134,10.921523,5.940277777777777,6.543333333333334,12.39560915275201,8.934683378636867,14.429166666666667,18.482449494949496,10.580555555555556,13.15,11.736485200845664,8.289166666666668,9.237507466666665
2025-11-16,59.098923,0.0,0.0,3.4433775,9.5053625,12.117153,9.585858585858588,6.110416666666668,11.732712327355186,8.685278616732104,5.940277777777777,21.21388888888889,2.1018939393939395,6.543333333333334,17.100833333333334,2.315833333333333,10.671794999999998
2025-11-17,59.656807,0.8099337,0.29801324,3.4715233,13.023383,10.659735,18.365277777777777,13.20625,12.801850133992989,9.22736195006544,9.585858585858588,14.429166666666667,5.584722222222222,6.110416666666668,13.15,3.628333333333333,11.0148895
2025-11-18,69.56872,4.8357615,1.8476821,2.8158941,11.794534,6.1949005,13.871666666666668,12.213295454545456,14.627643784786642,10.595635759589248,18.365277777777777,5.940277777777777,14.376587301587302,13.20625,6.543333333333334,6.322131782945736,11.4416265
2025-11-19,50.829056,0.0,0.0,2.9380794,5.0267134,3.3087418,11.193055555555556,17.41314393939394,14.555512265512265,11.43723056981778,13.871666666666668,9.585858585858588,18.482449494949496,12.213295454545456,6.110416666666668,11.736485200845664,11.441093166666667
2025-11-20,53.800247,3.904636,1.178808,2.2033114,10.751832,3.0621855,12.825,15.576666666666664,13.514170274170274,12.24818181818182,11.193055555555556,18.365277777777777,21.21388888888889,17.41314393939394,13.20625,17.100833333333334,9.948210133333333
2025-11-21,56.96813,25.5702,10.15894,0.95596033,7.807517,1.5364901,8.847222222222223,7.127916666666667,12.315757575757576,12.030443722943724,12.825,13.871666666666668,14.429166666666667,15.576666666666664,12.213295454545456,13.15,9.191026466666665
2025-11-22,54.763428,0.0,0.0,3.218212,7.794255,8.424569,8.701388888888888,13.759583333333332,11.518336940836942,11.170146103896105,8.847222222222223,11.193055555555556,5.940277777777777,7.127916666666667,17.41314393939394,6.543333333333334,7.8620208
2025-11-23,50.75753,0.0,0.0,3.2,6.8570356,4.309006,7.248358585858586,12.235,11.912781385281386,12.201038961038961,8.701388888888888,12.825,9.585858585858588,13.759583333333332,15.576666666666664,6.110416666666668,8.784534666666666
2025-11-24,53.060577,2.2874172,1.3774835,0.8569536,8.882491,3.8684769,9.942632850241544,8.677208498023715,11.578852813852814,13.075979437229437,7.248358585858586,8.847222222222223,18.365277777777777,12.235,7.127916666666667,13.20625,7.4862692
2025-11-25,56.704685,0.30860925,0.6092715,1.7943709,16.746485,4.3677487,8.202525252525254,6.276730620155039,10.375617824204781,12.42897350837568,9.942632850241544,8.701388888888888,13.871666666666668,8.677208498023715,13.759583333333332,12.213295454545456,7.844593866666666
2025-11-26,44.21316,0.0,0.0,3.0387418,20.056944,10.160596,4.5625,3.19375,9.565740479327435,11.580892817748481,8.202525252525254,7.248358585858586,11.193055555555556,6.276730620155039,12.235,17.41314393939394,10.828670533333332
2025-11-27,38.93475,0.0,0.0,3.0003312,12.09674,9.486689,5.169444444444444,5.7283333333333335,8.618518257105213,9.549550826406488,4.5625,9.942632850241544,12.825,3.19375,8.677208498023715,15.576666666666664,15.228639999999999
2025-11-28,36.54468,0.0,0.0,2.9993377,9.424801,10.112583,8.934722222222222,8.678351449275363,7.524867463454419,8.142646064501726,5.169444444444444,8.202525252525254,8.847222222222223,5.7283333333333335,6.276730620155039,7.127916666666667,16.300056333333334
2025-11-29,38.237995,32.950993,12.622517,0.43907288,17.556238,1.9386094,7.541666666666667,5.8925,7.53736746345442,8.36413674773154,8.934722222222222,4.5625,8.701388888888888,8.678351449275363,3.19375,13.759583333333332,13.859495
2025-11-30,31.876009,0.0,0.0,2.9890728,18.689077,10.511788,3.194823232323232,4.55625,7.371692860279817,7.240267700112493,7.541666666666667,5.169444444444444,7.248358585858586,5.8925,5.7283333333333335,12.235,13.025926333333336
2025-12-01,26.169651,3.8298016,4.649007,1.584106,7.325831,4.305894,13.736111111111112,10.455,6.792616381203337,6.143303414398207,3.194823232323232,8.934722222222222,9.942632850241544,4.55625,8.678351449275363,8.677208498023715,15.223372000000003
2025-12-02,26.737663,0.16423842,0.410596,3.1874173,8.820978,8.659272,9.029166666666669,8.190416666666668,7.334541847041847,6.397273628966247,13.736111111111112,7.541666666666667,8.202525252525254,10.455,5.8925,6.276730620155039,14.523715333333334
2025-12-03,37.32786,0.0,0.0,3.1278148,8.678962,8.534768,14.905555555555557,12.249166666666667,7.452633477633477,6.670657349896481,9.029166666666669,3.194823232323232,4.5625,8.190416666666668,4.55625,3.19375,11.611962
2025-12-04,32.905346,0.0,0.0,2.699669,12.80755,9.182119,9.76388888888889,11.7790350877193,8.930212842712843,7.964288302277433,14.905555555555557,13.736111111111112,5.169444444444444,12.249166666666667,10.455,5.7283333333333335,8.275257000000002
2025-12-05,39.754883,0.0,0.0,3.0781455,7.205692,10.067417,21.281944444444445,15.2975,9.58656204906205,8.828674267189715,9.76388888888889,9.029166666666669,8.934722222222222,11.7790350877193,8.190416666666668,8.678351449275363,10.102496666666667
2025-12-06,47.919254,0.0,0.0,2.9622517,9.688246,9.736292,11.418055555555556,12.39625,11.350450937950939,9.774266917293234,21.281944444444445,14.905555555555557,7.541666666666667,15.2975,12.249166666666667,5.8925,9.564068
2025-12-07,41.79389,0.0,0.0,1.9860927,14.450951,2.0462914,6.870707070707071,14.142083333333336,11.904220779220779,10.703374060150377,11.418055555555556,9.76388888888889,3.194823232323232,12.39625,11.7790350877193,4.55625,9.900495999999999
2025-12-08,35.18932,0.0,0.0,2.8195364,11.07441,7.72808,10.870833333333332,10.907083333333333,12.429347041847041,12.07277882205514,6.870707070707071,21.281944444444445,13.736111111111112,14.142083333333336,15.2975,10.455,10.448296333333333
2025-12-09,55.786804,0.0,0.0,2.657947,13.32926,9.89351,9.672979797979798,9.171515151515152,12.020021645021647,12.137362155388471,10.870833333333332,11.418055555555556,9.029166666666669,10.907083333333333,12.39625,8.190416666666668,11.737868999999998
2025-12-10,51.102634,0.0,0.0,2.6059604,23.070868,5.2229137,6.12449494949495,6.4197931235431245,12.111994949494951,12.277519081795399,9.672979797979798,6.870707070707071,14.905555555555557,9.171515151515152,14.142083333333336,12.249166666666667,12.951540333333334
2025-12-11,36.49164,0.010596027,0.046357617,2.4996688,9.92842,7.019801,11.811111111111112,10.612002032520326,10.857557720057718,11.44475143277775,6.12449494949495,10.870833333333332,9.76388888888889,6.4197931235431245,10.907083333333333,11.7790350877193,15.824845999999999
2025-12-12,36.176342,0.0,0.0,2.7225165,8.228526,3.1704636,7.994444444444444,11.39625,11.150018037518038,11.278032424892183,11.811111111111112,9.672979797979798,21.281944444444445,10.612002032520326,9.171515151515152,15.2975,15.442849333333333
2025-12-13,33.25581,0.0,0.0,2.12053,12.421249,3.056755,4.613888888888889,8.0725,9.25180375180375,10.720710996320753,7.994444444444444,6.12449494949495,11.418055555555556,11.39625,6.4197931235431245,12.39625,13.742604666666667
2025-12-14,18.148922,0.0,0.0,2.789735,11.588281,10.434636,6.911868686868687,4.1433333333333335,8.279779942279943,10.10303242489218,4.613888888888889,11.811111111111112,6.870707070707071,8.0725,10.612002032520326,14.142083333333336,10.192731666666665
2025-12-15,44.111835,0.0,0.0,2.8324502,12.809436,10.100331,15.848611111111111,8.283333333333335,8.285660173160172,8.674639567749324,6.911868686868687,7.994444444444444,10.870833333333332,4.1433333333333335,11.39625,10.907083333333333,10.746018666666666
2025-12-16,56.207,0.0,0.0,2.7930465,10.969374,8.756291,16.522222222222222,12.252083333333337,8.996771284271285,8.299818139177896,15.848611111111111,4.613888888888889,9.672979797979798,8.283333333333335,8.0725,9.171515151515152,12.272988666666665
2025-12-17,55.798725,0.0,0.0,2.5483444,11.123114,9.559735,18.90833333333333,15.326488095238096,9.975234487734488,8.739899308009065,16.522222222222222,6.911868686868687,6.12449494949495,12.252083333333337,4.1433333333333335,6.4197931235431245,11.789030333333335
2025-12-18,56.249916,9.582119,3.3774834,0.565894,23.116808,2.8996027,7.381944444444444,5.006666666666667,11.801497113997113,10.01228430396549,18.90833333333333,15.848611111111111,11.811111111111112,15.326488095238096,8.283333333333335,10.612002032520326,11.633974666666665
2025-12-19,38.81316,0.0,0.0,2.755298,21.829737,10.18053,9.569444444444445,5.069833333333333,11.168759018759019,9.211522108843537,7.381944444444444,16.522222222222222,7.994444444444444,5.006666666666667,12.252083333333337,11.39625,15.069765333333331
2025-12-20,55.171104,0.0,0.0,2.718874,12.062753,9.524106,8.716666666666667,4.1425,11.393759018759019,8.30774829931973,9.569444444444445,18.90833333333333,4.613888888888889,5.069833333333333,15.326488095238096,8.0725,18.68988633333333
2025-12-21,45.805744,0.0,0.0,2.6377485,7.0544653,10.187285,18.78421717171717,7.130416666666666,11.97987012987013,7.746319727891157,8.716666666666667,7.381944444444444,6.911868686868687,4.1425,5.006666666666667,4.1433333333333335,19.00309933333333
2025-12-22,55.994812,0.0,0.0,1.5728477,9.115662,6.4427814,17.17361111111111,8.543583333333334,13.675919913419914,8.173045918367349,18.78421717171717,9.569444444444445,15.848611111111111,7.130416666666666,5.069833333333333,8.283333333333335,13.648985099999999
2025-12-23,66.49025,0.0,0.0,2.7890728,7.9074125,5.213311,15.134722222222225,16.307997967479672,13.86520562770563,8.21022448979592,17.17361111111111,8.716666666666667,16.522222222222222,8.543583333333334,4.1425,12.252083333333337,9.410960099999999
2025-12-24,64.10853,0.038410597,0.0397351,2.2066226,8.06223,4.5093374,13.456944444444446,15.979166666666666,13.666991341991343,8.78964086610254,15.134722222222225,18.78421717171717,18.90833333333333,16.307997967479672,7.130416666666666,15.326488095238096,8.025846599999998
2025-12-25,65.33872,0.0052980133,0.013245033,1.2228477,8.902592,3.1825166,9.380555555555556,10.3775,12.888221500721501,8.882880662020906,13.456944444444446,17.17361111111111,7.381944444444444,15.979166666666666,8.543583333333334,5.006666666666667,8.361768166666664
2025-12-26,67.254944,0.0,0.0,2.8486755,11.078195,6.659868,6.525883838383838,7.598030303030304,13.173737373737376,9.65014256678281,9.380555555555556,15.134722222222225,9.569444444444445,10.3775,16.307997967479672,5.069833333333333,8.29074483333333
2025-12-27,60.747528,0.00794702,0.01986755,2.803311,11.757589,3.1572185,6.820833333333333,8.487916666666667,12.738943001443001,10.011313562453806,6.525883838383838,13.456944444444446,8.716666666666667,7.598030303030304,15.979166666666666,4.1425,9.34767233333333
2025-12-28,75.1368,0.028476823,0.01986755,2.183775,26.622955,4.699934,4.397348484848485,5.779166666666667,12.468109668109667,10.632087371977615,6.820833333333333,9.380555555555556,18.78421717171717,8.487916666666667,10.3775,7.130416666666666,10.579458666666664
2025-12-29,24.975811,0.0,0.0,2.6205297,24.417997,9.0270195,4.048611111111111,3.66,10.412842712842714,10.439051657691902,4.397348484848485,6.525883838383838,17.17361111111111,5.779166666666667,7.598030303030304,8.543583333333334,16.48624633333333
2025-12-30,34.826935,0.0,0.0,2.505629,10.328909,9.560861,9.5625,4.865952380952381,8.537842712842712,9.741396895787139,4.048611111111111,6.820833333333333,15.134722222222225,3.66,8.487916666666667,16.307997967479672,20.932847
2025-12-31,39.338856,0.0,0.0,2.437086,10.547362,4.4884768,13.484722222222222,10.165833333333332,7.7418109668109665,8.106818954854669,9.5625,4.397348484848485,13.456944444444446,4.865952380952381,5.779166666666667,15.979166666666666,20.45662033333333
